"employeenumber","jobsatisfaction","satisfaction_level"
1,4,"High"
244,1,"Low"
291,4,"High"
35,2,"Low"
473,3,"Medium"
1218,1,"Low"
1639,1,"Low"
2,2,"Low"
4,3,"Medium"
5,3,"Medium"
7,2,"Low"
8,4,"High"
10,1,"Low"
11,3,"Medium"
12,3,"Medium"
13,3,"Medium"
14,2,"Low"
15,3,"Medium"
16,3,"Medium"
18,4,"High"
19,3,"Medium"
20,1,"Low"
21,2,"Low"
22,4,"High"
23,4,"High"
24,4,"High"
26,3,"Medium"
27,1,"Low"
28,2,"Low"
30,4,"High"
31,1,"Low"
32,3,"Medium"
33,1,"Low"
36,4,"High"
38,1,"Low"
39,4,"High"
40,4,"High"
41,3,"Medium"
42,4,"High"
45,4,"High"
46,3,"Medium"
47,3,"Medium"
49,4,"High"
51,1,"Low"
52,1,"Low"
53,4,"High"
54,1,"Low"
55,3,"Medium"
56,3,"Medium"
57,4,"High"
58,3,"Medium"
60,3,"Medium"
61,2,"Low"
62,4,"High"
63,4,"High"
64,3,"Medium"
65,3,"Medium"
68,1,"Low"
70,1,"Low"
72,4,"High"
73,4,"High"
74,1,"Low"
75,1,"Low"
76,4,"High"
77,3,"Medium"
78,4,"High"
79,4,"High"
80,3,"Medium"
81,1,"Low"
83,3,"Medium"
84,3,"Medium"
85,2,"Low"
86,1,"Low"
88,1,"Low"
90,3,"Medium"
91,3,"Medium"
94,2,"Low"
95,2,"Low"
96,2,"Low"
97,4,"High"
98,4,"High"
100,1,"Low"
101,1,"Low"
102,3,"Medium"
103,2,"Low"
104,4,"High"
105,3,"Medium"
106,4,"High"
107,4,"High"
110,2,"Low"
112,4,"High"
113,1,"Low"
116,4,"High"
117,4,"High"
118,4,"High"
119,2,"Low"
120,4,"High"
121,2,"Low"
124,1,"Low"
125,3,"Medium"
126,3,"Medium"
128,3,"Medium"
129,3,"Medium"
131,3,"Medium"
132,2,"Low"
133,1,"Low"
134,1,"Low"
137,4,"High"
138,3,"Medium"
139,4,"High"
140,4,"High"
141,2,"Low"
142,3,"Medium"
143,4,"High"
144,4,"High"
145,1,"Low"
147,3,"Medium"
148,4,"High"
150,3,"Medium"
151,2,"Low"
152,4,"High"
153,1,"Low"
154,4,"High"
155,4,"High"
158,4,"High"
159,3,"Medium"
160,2,"Low"
161,2,"Low"
162,3,"Medium"
163,3,"Medium"
164,2,"Low"
165,4,"High"
167,3,"Medium"
169,4,"High"
170,1,"Low"
171,3,"Medium"
174,4,"High"
175,3,"Medium"
176,3,"Medium"
177,3,"Medium"
178,2,"Low"
179,4,"High"
182,3,"Medium"
183,3,"Medium"
184,4,"High"
190,1,"Low"
192,4,"High"
193,3,"Medium"
194,3,"Medium"
195,4,"High"
197,1,"Low"
198,4,"High"
199,1,"Low"
200,1,"Low"
201,2,"Low"
202,2,"Low"
204,2,"Low"
205,3,"Medium"
206,2,"Low"
207,4,"High"
208,3,"Medium"
211,3,"Medium"
214,2,"Low"
215,4,"High"
216,3,"Medium"
217,4,"High"
218,2,"Low"
221,4,"High"
223,4,"High"
224,3,"Medium"
226,2,"Low"
227,3,"Medium"
228,4,"High"
230,4,"High"
231,3,"Medium"
233,2,"Low"
235,1,"Low"
238,2,"Low"
239,1,"Low"
240,1,"Low"
241,1,"Low"
242,4,"High"
243,4,"High"
245,4,"High"
246,4,"High"
247,2,"Low"
248,2,"Low"
249,3,"Medium"
250,1,"Low"
252,2,"Low"
253,3,"Medium"
254,2,"Low"
256,3,"Medium"
258,2,"Low"
259,3,"Medium"
260,2,"Low"
261,3,"Medium"
262,4,"High"
264,4,"High"
267,1,"Low"
269,2,"Low"
270,3,"Medium"
271,3,"Medium"
273,4,"High"
274,1,"Low"
275,4,"High"
277,3,"Medium"
281,4,"High"
282,1,"Low"
283,4,"High"
284,2,"Low"
286,4,"High"
287,4,"High"
288,1,"Low"
292,3,"Medium"
293,3,"Medium"
296,2,"Low"
297,1,"Low"
298,4,"High"
299,1,"Low"
300,3,"Medium"
302,4,"High"
303,1,"Low"
304,2,"Low"
305,2,"Low"
306,4,"High"
307,3,"Medium"
308,3,"Medium"
309,4,"High"
311,4,"High"
312,4,"High"
314,3,"Medium"
315,4,"High"
316,4,"High"
319,4,"High"
321,3,"Medium"
323,4,"High"
325,4,"High"
327,4,"High"
328,1,"Low"
329,3,"Medium"
330,2,"Low"
331,3,"Medium"
332,3,"Medium"
333,4,"High"
334,1,"Low"
335,4,"High"
336,4,"High"
337,3,"Medium"
338,4,"High"
339,1,"Low"
340,1,"Low"
341,3,"Medium"
342,3,"Medium"
343,3,"Medium"
346,4,"High"
347,1,"Low"
349,4,"High"
350,3,"Medium"
351,1,"Low"
352,3,"Medium"
353,4,"High"
355,2,"Low"
359,2,"Low"
361,4,"High"
362,1,"Low"
363,2,"Low"
364,3,"Medium"
366,2,"Low"
367,4,"High"
369,1,"Low"
372,4,"High"
373,4,"High"
374,1,"Low"
376,2,"Low"
377,4,"High"
378,4,"High"
379,3,"Medium"
380,4,"High"
381,2,"Low"
382,1,"Low"
384,2,"Low"
385,2,"Low"
386,3,"Medium"
387,3,"Medium"
388,4,"High"
389,4,"High"
390,1,"Low"
391,4,"High"
392,3,"Medium"
393,4,"High"
394,2,"Low"
395,4,"High"
396,1,"Low"
397,2,"Low"
399,2,"Low"
401,4,"High"
403,4,"High"
404,2,"Low"
405,3,"Medium"
406,2,"Low"
407,4,"High"
408,2,"Low"
410,2,"Low"
411,3,"Medium"
412,1,"Low"
416,4,"High"
417,4,"High"
419,2,"Low"
420,3,"Medium"
421,2,"Low"
422,3,"Medium"
423,4,"High"
424,1,"Low"
425,1,"Low"
426,4,"High"
428,2,"Low"
429,1,"Low"
430,4,"High"
431,3,"Medium"
433,2,"Low"
434,2,"Low"
436,2,"Low"
437,3,"Medium"
438,4,"High"
439,4,"High"
440,4,"High"
441,4,"High"
442,3,"Medium"
444,4,"High"
445,3,"Medium"
446,4,"High"
447,3,"Medium"
448,3,"Medium"
449,2,"Low"
450,3,"Medium"
451,1,"Low"
452,4,"High"
453,4,"High"
454,1,"Low"
455,4,"High"
456,3,"Medium"
458,2,"Low"
460,4,"High"
461,4,"High"
462,4,"High"
463,2,"Low"
464,2,"Low"
465,4,"High"
466,2,"Low"
467,3,"Medium"
468,4,"High"
469,3,"Medium"
470,3,"Medium"
471,2,"Low"
474,1,"Low"
475,3,"Medium"
476,3,"Medium"
477,4,"High"
478,2,"Low"
479,4,"High"
481,4,"High"
482,3,"Medium"
483,3,"Medium"
484,4,"High"
485,3,"Medium"
486,1,"Low"
487,3,"Medium"
488,2,"Low"
491,4,"High"
492,3,"Medium"
493,2,"Low"
494,2,"Low"
495,4,"High"
496,2,"Low"
497,2,"Low"
498,4,"High"
499,3,"Medium"
500,4,"High"
501,3,"Medium"
502,4,"High"
505,4,"High"
507,3,"Medium"
508,2,"Low"
510,1,"Low"
511,2,"Low"
513,3,"Medium"
514,4,"High"
515,1,"Low"
516,2,"Low"
517,1,"Low"
518,2,"Low"
520,2,"Low"
521,3,"Medium"
522,1,"Low"
523,3,"Medium"
524,1,"Low"
525,4,"High"
526,3,"Medium"
527,4,"High"
529,3,"Medium"
530,1,"Low"
531,3,"Medium"
532,1,"Low"
533,3,"Medium"
534,1,"Low"
536,1,"Low"
538,1,"Low"
543,3,"Medium"
544,4,"High"
546,4,"High"
547,3,"Medium"
548,4,"High"
549,1,"Low"
550,3,"Medium"
551,4,"High"
554,2,"Low"
555,3,"Medium"
556,4,"High"
558,3,"Medium"
560,4,"High"
562,4,"High"
564,3,"Medium"
565,2,"Low"
566,4,"High"
567,1,"Low"
568,4,"High"
569,3,"Medium"
571,4,"High"
573,1,"Low"
574,4,"High"
575,3,"Medium"
577,3,"Medium"
578,3,"Medium"
579,3,"Medium"
580,4,"High"
581,2,"Low"
582,3,"Medium"
584,4,"High"
585,2,"Low"
586,3,"Medium"
587,3,"Medium"
590,1,"Low"
591,3,"Medium"
592,4,"High"
593,3,"Medium"
595,4,"High"
597,2,"Low"
599,4,"High"
600,3,"Medium"
601,3,"Medium"
602,3,"Medium"
604,4,"High"
605,1,"Low"
606,2,"Low"
608,3,"Medium"
611,4,"High"
612,3,"Medium"
613,4,"High"
614,2,"Low"
615,1,"Low"
616,3,"Medium"
618,3,"Medium"
620,3,"Medium"
621,4,"High"
622,4,"High"
623,4,"High"
624,3,"Medium"
625,1,"Low"
626,2,"Low"
630,1,"Low"
631,3,"Medium"
632,4,"High"
634,3,"Medium"
635,2,"Low"
638,3,"Medium"
639,4,"High"
641,2,"Low"
643,2,"Low"
644,2,"Low"
645,3,"Medium"
647,3,"Medium"
648,1,"Low"
649,4,"High"
650,1,"Low"
652,4,"High"
653,4,"High"
655,3,"Medium"
656,3,"Medium"
657,2,"Low"
659,4,"High"
661,4,"High"
662,1,"Low"
663,3,"Medium"
664,1,"Low"
665,3,"Medium"
666,3,"Medium"
667,1,"Low"
669,3,"Medium"
671,4,"High"
675,3,"Medium"
677,3,"Medium"
679,4,"High"
680,3,"Medium"
682,1,"Low"
683,4,"High"
684,1,"Low"
686,4,"High"
689,3,"Medium"
690,3,"Medium"
691,4,"High"
897,4,"High"
692,4,"High"
698,2,"Low"
699,2,"Low"
700,4,"High"
701,3,"Medium"
702,1,"Low"
704,3,"Medium"
705,1,"Low"
707,2,"Low"
709,4,"High"
710,4,"High"
712,2,"Low"
714,4,"High"
715,4,"High"
716,3,"Medium"
717,2,"Low"
720,3,"Medium"
721,3,"Medium"
722,4,"High"
723,3,"Medium"
724,4,"High"
725,1,"Low"
727,4,"High"
728,1,"Low"
729,1,"Low"
730,3,"Medium"
731,4,"High"
732,1,"Low"
733,1,"Low"
734,3,"Medium"
738,2,"Low"
741,2,"Low"
742,1,"Low"
743,3,"Medium"
744,3,"Medium"
746,3,"Medium"
747,4,"High"
749,3,"Medium"
752,3,"Medium"
754,4,"High"
757,3,"Medium"
758,1,"Low"
760,2,"Low"
762,4,"High"
763,4,"High"
764,1,"Low"
766,2,"Low"
769,4,"High"
771,1,"Low"
772,4,"High"
773,3,"Medium"
775,1,"Low"
776,1,"Low"
780,4,"High"
781,4,"High"
783,3,"Medium"
784,3,"Medium"
785,3,"Medium"
786,4,"High"
787,1,"Low"
789,1,"Low"
791,4,"High"
792,4,"High"
793,3,"Medium"
796,1,"Low"
797,4,"High"
799,1,"Low"
800,4,"High"
802,1,"Low"
803,1,"Low"
804,1,"Low"
805,4,"High"
806,3,"Medium"
807,2,"Low"
808,1,"Low"
809,4,"High"
811,1,"Low"
812,2,"Low"
813,3,"Medium"
815,3,"Medium"
816,1,"Low"
817,3,"Medium"
819,1,"Low"
820,4,"High"
823,2,"Low"
824,3,"Medium"
825,2,"Low"
826,3,"Medium"
827,4,"High"
828,3,"Medium"
829,2,"Low"
830,3,"Medium"
832,3,"Medium"
833,4,"High"
834,3,"Medium"
836,2,"Low"
837,1,"Low"
838,4,"High"
840,4,"High"
842,4,"High"
843,1,"Low"
844,4,"High"
845,3,"Medium"
846,2,"Low"
847,4,"High"
848,3,"Medium"
850,4,"High"
851,3,"Medium"
852,2,"Low"
854,1,"Low"
855,1,"Low"
856,1,"Low"
857,4,"High"
859,4,"High"
861,4,"High"
862,4,"High"
864,1,"Low"
865,3,"Medium"
867,4,"High"
868,3,"Medium"
869,4,"High"
872,4,"High"
874,4,"High"
875,4,"High"
878,1,"Low"
879,1,"Low"
880,3,"Medium"
881,2,"Low"
882,4,"High"
885,1,"Low"
887,1,"Low"
888,4,"High"
889,2,"Low"
893,2,"Low"
894,4,"High"
895,4,"High"
896,3,"Medium"
899,2,"Low"
900,4,"High"
901,4,"High"
902,4,"High"
903,4,"High"
904,2,"Low"
905,1,"Low"
909,4,"High"
910,2,"Low"
911,4,"High"
912,4,"High"
913,1,"Low"
916,4,"High"
918,4,"High"
920,2,"Low"
922,3,"Medium"
923,4,"High"
924,4,"High"
925,4,"High"
926,3,"Medium"
927,4,"High"
930,3,"Medium"
932,1,"Low"
933,3,"Medium"
934,2,"Low"
936,3,"Medium"
939,1,"Low"
940,2,"Low"
941,3,"Medium"
942,4,"High"
944,2,"Low"
945,3,"Medium"
947,3,"Medium"
949,4,"High"
950,1,"Low"
951,2,"Low"
952,2,"Low"
954,2,"Low"
956,1,"Low"
957,1,"Low"
958,3,"Medium"
959,2,"Low"
960,1,"Low"
961,4,"High"
964,2,"Low"
966,1,"Low"
967,4,"High"
969,4,"High"
970,3,"Medium"
972,2,"Low"
974,4,"High"
975,3,"Medium"
976,4,"High"
977,3,"Medium"
981,3,"Medium"
982,3,"Medium"
983,4,"High"
984,4,"High"
985,3,"Medium"
986,2,"Low"
987,3,"Medium"
990,4,"High"
991,1,"Low"
992,3,"Medium"
994,1,"Low"
995,4,"High"
996,4,"High"
997,4,"High"
998,2,"Low"
999,3,"Medium"
1001,2,"Low"
1002,1,"Low"
1003,4,"High"
1004,3,"Medium"
1005,3,"Medium"
1006,3,"Medium"
1007,3,"Medium"
1009,3,"Medium"
1010,2,"Low"
1011,1,"Low"
1012,4,"High"
1013,3,"Medium"
1014,3,"Medium"
1015,1,"Low"
1016,1,"Low"
1017,2,"Low"
1018,4,"High"
1019,1,"Low"
1022,3,"Medium"
1024,3,"Medium"
1025,3,"Medium"
1026,4,"High"
1027,4,"High"
1028,4,"High"
1029,3,"Medium"
1030,4,"High"
1032,4,"High"
1033,2,"Low"
1034,2,"Low"
1035,3,"Medium"
1036,4,"High"
1037,1,"Low"
1038,4,"High"
1039,4,"High"
1040,3,"Medium"
1042,1,"Low"
1043,1,"Low"
1044,4,"High"
1045,4,"High"
1046,3,"Medium"
1047,4,"High"
1048,4,"High"
1049,2,"Low"
1050,2,"Low"
1052,3,"Medium"
1053,1,"Low"
1055,3,"Medium"
1056,2,"Low"
1060,3,"Medium"
1061,3,"Medium"
1062,2,"Low"
1066,1,"Low"
1068,3,"Medium"
1069,4,"High"
1070,3,"Medium"
1071,3,"Medium"
1073,4,"High"
1074,1,"Low"
1076,4,"High"
1077,4,"High"
1079,1,"Low"
1080,1,"Low"
1081,3,"Medium"
1082,1,"Low"
1083,1,"Low"
1084,1,"Low"
1085,3,"Medium"
1088,3,"Medium"
1092,4,"High"
1094,3,"Medium"
1096,2,"Low"
1097,3,"Medium"
1098,1,"Low"
1099,4,"High"
1100,1,"Low"
1101,3,"Medium"
1102,3,"Medium"
1103,4,"High"
1105,4,"High"
1106,4,"High"
1107,3,"Medium"
1108,2,"Low"
1109,1,"Low"
1111,2,"Low"
1113,3,"Medium"
1114,2,"Low"
1115,4,"High"
1116,4,"High"
1117,3,"Medium"
1118,2,"Low"
1119,3,"Medium"
1120,4,"High"
1121,2,"Low"
1124,3,"Medium"
1125,2,"Low"
1126,1,"Low"
1127,4,"High"
1128,3,"Medium"
1131,2,"Low"
1132,2,"Low"
1133,4,"High"
1135,4,"High"
1136,2,"Low"
1137,4,"High"
1138,2,"Low"
1140,3,"Medium"
1143,2,"Low"
1148,4,"High"
1150,4,"High"
1152,3,"Medium"
1154,3,"Medium"
1156,3,"Medium"
1157,1,"Low"
1158,4,"High"
1160,3,"Medium"
1161,4,"High"
1162,3,"Medium"
1163,3,"Medium"
1164,3,"Medium"
1165,1,"Low"
1166,3,"Medium"
1167,1,"Low"
1171,1,"Low"
1172,3,"Medium"
1173,2,"Low"
1175,4,"High"
1177,4,"High"
1179,3,"Medium"
1180,4,"High"
1182,2,"Low"
1184,1,"Low"
1185,4,"High"
1188,3,"Medium"
1190,1,"Low"
1191,1,"Low"
1192,4,"High"
1193,1,"Low"
1195,3,"Medium"
1196,4,"High"
1198,3,"Medium"
1200,3,"Medium"
1201,3,"Medium"
1202,4,"High"
1203,4,"High"
1204,1,"Low"
1206,3,"Medium"
1207,3,"Medium"
1210,1,"Low"
1211,1,"Low"
1212,2,"Low"
1215,1,"Low"
1216,1,"Low"
1217,2,"Low"
1219,2,"Low"
1220,3,"Medium"
1221,3,"Medium"
1224,3,"Medium"
1225,4,"High"
1226,4,"High"
1228,4,"High"
1231,1,"Low"
1233,4,"High"
1234,2,"Low"
1235,3,"Medium"
1237,1,"Low"
1238,4,"High"
1239,2,"Low"
1240,4,"High"
1241,2,"Low"
1242,1,"Low"
1243,4,"High"
1244,1,"Low"
1245,3,"Medium"
1246,4,"High"
1248,2,"Low"
1249,4,"High"
1250,4,"High"
1251,1,"Low"
1252,1,"Low"
1254,4,"High"
1255,4,"High"
1256,3,"Medium"
1257,2,"Low"
1258,2,"Low"
1259,3,"Medium"
1260,4,"High"
1263,4,"High"
1264,4,"High"
1265,3,"Medium"
1267,2,"Low"
1268,3,"Medium"
1269,4,"High"
1270,3,"Medium"
1273,4,"High"
1275,4,"High"
1277,2,"Low"
1278,2,"Low"
1279,3,"Medium"
1280,2,"Low"
1281,1,"Low"
1282,2,"Low"
1283,4,"High"
1285,2,"Low"
1286,3,"Medium"
1288,1,"Low"
1289,2,"Low"
1291,3,"Medium"
1292,2,"Low"
1293,4,"High"
1294,2,"Low"
1295,4,"High"
1296,4,"High"
1297,3,"Medium"
1298,3,"Medium"
1299,3,"Medium"
1301,1,"Low"
1303,2,"Low"
1304,4,"High"
1306,2,"Low"
1307,2,"Low"
1308,3,"Medium"
1309,3,"Medium"
1310,1,"Low"
1311,4,"High"
1312,3,"Medium"
1314,1,"Low"
1315,4,"High"
1317,1,"Low"
1318,2,"Low"
1319,2,"Low"
1321,1,"Low"
1322,3,"Medium"
1324,3,"Medium"
1329,2,"Low"
1331,2,"Low"
1333,1,"Low"
1334,3,"Medium"
1336,3,"Medium"
1338,2,"Low"
1340,3,"Medium"
1344,4,"High"
1346,4,"High"
1349,1,"Low"
1350,3,"Medium"
1352,2,"Low"
1355,1,"Low"
1356,1,"Low"
1358,4,"High"
1360,1,"Low"
1361,2,"Low"
1362,1,"Low"
1363,4,"High"
1364,4,"High"
1367,2,"Low"
1368,4,"High"
1369,4,"High"
1371,4,"High"
1372,3,"Medium"
1373,2,"Low"
1374,3,"Medium"
1375,3,"Medium"
1377,3,"Medium"
1379,4,"High"
1380,3,"Medium"
1382,3,"Medium"
1383,4,"High"
1387,1,"Low"
1389,3,"Medium"
1390,4,"High"
1391,2,"Low"
1392,4,"High"
1394,3,"Medium"
1395,4,"High"
1396,2,"Low"
1397,3,"Medium"
1399,3,"Medium"
1401,3,"Medium"
1402,3,"Medium"
1403,4,"High"
1405,3,"Medium"
1407,4,"High"
1408,1,"Low"
1409,1,"Low"
1411,3,"Medium"
1412,4,"High"
1415,4,"High"
1417,1,"Low"
1419,1,"Low"
1420,1,"Low"
1421,4,"High"
1422,4,"High"
1423,1,"Low"
1424,4,"High"
1425,2,"Low"
1427,3,"Medium"
1428,1,"Low"
1430,2,"Low"
1431,1,"Low"
1433,2,"Low"
1434,1,"Low"
1435,4,"High"
1436,1,"Low"
1438,4,"High"
1439,1,"Low"
1440,3,"Medium"
1441,1,"Low"
1443,3,"Medium"
1445,3,"Medium"
1446,4,"High"
1447,2,"Low"
1448,3,"Medium"
1449,3,"Medium"
1453,4,"High"
1457,4,"High"
1458,1,"Low"
1459,2,"Low"
1460,1,"Low"
1461,2,"Low"
1464,4,"High"
1465,4,"High"
1466,1,"Low"
1467,3,"Medium"
1468,2,"Low"
1469,1,"Low"
1471,3,"Medium"
1472,2,"Low"
1473,3,"Medium"
1474,3,"Medium"
1475,2,"Low"
1477,1,"Low"
1478,1,"Low"
1479,3,"Medium"
1480,4,"High"
1481,3,"Medium"
1482,3,"Medium"
1483,3,"Medium"
1484,2,"Low"
1485,1,"Low"
1486,3,"Medium"
1487,2,"Low"
1489,2,"Low"
1492,3,"Medium"
1494,1,"Low"
1495,2,"Low"
1496,3,"Medium"
1497,3,"Medium"
1499,3,"Medium"
1501,3,"Medium"
1502,2,"Low"
1503,3,"Medium"
1504,1,"Low"
1506,3,"Medium"
1507,1,"Low"
1509,1,"Low"
1513,2,"Low"
1514,2,"Low"
1515,3,"Medium"
1516,4,"High"
1520,4,"High"
1522,1,"Low"
1523,1,"Low"
1525,2,"Low"
1527,2,"Low"
1529,2,"Low"
1533,3,"Medium"
1534,1,"Low"
1535,3,"Medium"
1537,3,"Medium"
1539,4,"High"
1541,3,"Medium"
1542,2,"Low"
1543,4,"High"
1544,1,"Low"
1545,2,"Low"
1546,4,"High"
1547,4,"High"
1548,1,"Low"
1549,3,"Medium"
1550,4,"High"
1551,1,"Low"
1552,4,"High"
1553,2,"Low"
1554,3,"Medium"
1555,2,"Low"
1556,4,"High"
1557,3,"Medium"
1558,3,"Medium"
1560,1,"Low"
1562,1,"Low"
1563,3,"Medium"
1564,1,"Low"
1568,2,"Low"
1569,1,"Low"
1572,4,"High"
1573,2,"Low"
1574,1,"Low"
1576,1,"Low"
1577,4,"High"
1578,4,"High"
1580,4,"High"
1581,4,"High"
1582,2,"Low"
1583,2,"Low"
1585,3,"Medium"
1586,1,"Low"
1587,3,"Medium"
1588,3,"Medium"
1590,4,"High"
1591,3,"Medium"
1592,3,"Medium"
1594,1,"Low"
1595,4,"High"
1596,3,"Medium"
1597,3,"Medium"
1598,1,"Low"
1599,2,"Low"
1601,4,"High"
1602,1,"Low"
1604,2,"Low"
1605,3,"Medium"
1606,3,"Medium"
1607,4,"High"
1608,4,"High"
1609,2,"Low"
1611,1,"Low"
1612,1,"Low"
1613,1,"Low"
1614,3,"Medium"
1615,4,"High"
1617,1,"Low"
1618,1,"Low"
1619,1,"Low"
1621,1,"Low"
1622,1,"Low"
1623,4,"High"
1624,4,"High"
1625,3,"Medium"
1627,3,"Medium"
1628,3,"Medium"
1630,3,"Medium"
1631,3,"Medium"
1633,3,"Medium"
1635,4,"High"
1638,3,"Medium"
1640,2,"Low"
1641,4,"High"
1642,4,"High"
1644,4,"High"
1645,4,"High"
1646,4,"High"
1647,3,"Medium"
1648,4,"High"
1649,1,"Low"
1650,3,"Medium"
1651,1,"Low"
1653,3,"Medium"
1654,2,"Low"
1655,2,"Low"
1656,1,"Low"
1657,3,"Medium"
1658,2,"Low"
1659,2,"Low"
1661,3,"Medium"
1662,3,"Medium"
1664,1,"Low"
1665,3,"Medium"
1666,3,"Medium"
1667,4,"High"
1668,4,"High"
1669,2,"Low"
1670,4,"High"
1671,2,"Low"
1673,4,"High"
1674,1,"Low"
1675,2,"Low"
1676,2,"Low"
1677,3,"Medium"
1678,3,"Medium"
1680,1,"Low"
1681,4,"High"
1682,3,"Medium"
1683,4,"High"
1684,3,"Medium"
1687,3,"Medium"
1689,4,"High"
1691,3,"Medium"
1692,2,"Low"
1693,4,"High"
1694,2,"Low"
1696,4,"High"
1697,4,"High"
1698,2,"Low"
1700,4,"High"
1701,4,"High"
1702,4,"High"
1703,4,"High"
1704,4,"High"
1706,4,"High"
1707,3,"Medium"
1708,3,"Medium"
1709,3,"Medium"
1710,4,"High"
1712,3,"Medium"
1714,3,"Medium"
1716,3,"Medium"
1718,3,"Medium"
1719,2,"Low"
1720,3,"Medium"
1721,3,"Medium"
1722,2,"Low"
1724,1,"Low"
1725,1,"Low"
1727,2,"Low"
1728,3,"Medium"
1729,4,"High"
1731,2,"Low"
1732,4,"High"
1733,1,"Low"
1734,2,"Low"
1735,2,"Low"
1736,4,"High"
1737,4,"High"
1739,3,"Medium"
1740,2,"Low"
1744,3,"Medium"
1745,1,"Low"
1746,4,"High"
1747,4,"High"
1749,3,"Medium"
1751,4,"High"
1752,2,"Low"
1753,3,"Medium"
1754,1,"Low"
1755,4,"High"
1756,2,"Low"
1757,4,"High"
1758,1,"Low"
1760,2,"Low"
1761,3,"Medium"
1762,1,"Low"
1763,3,"Medium"
1764,2,"Low"
1766,4,"High"
1767,3,"Medium"
1768,2,"Low"
1770,1,"Low"
1771,2,"Low"
1772,1,"Low"
1774,3,"Medium"
1775,3,"Medium"
1778,4,"High"
1779,4,"High"
1780,2,"Low"
1782,3,"Medium"
1783,1,"Low"
1784,4,"High"
1786,3,"Medium"
1787,2,"Low"
1789,4,"High"
1790,1,"Low"
1792,2,"Low"
1794,2,"Low"
1797,4,"High"
1798,1,"Low"
1799,4,"High"
1800,3,"Medium"
1801,2,"Low"
1802,1,"Low"
1803,1,"Low"
1804,4,"High"
1805,2,"Low"
1807,1,"Low"
1809,1,"Low"
1812,4,"High"
1813,3,"Medium"
1814,2,"Low"
1815,3,"Medium"
1816,3,"Medium"
1818,2,"Low"
1821,2,"Low"
1822,4,"High"
1823,3,"Medium"
1824,2,"Low"
1826,3,"Medium"
1827,2,"Low"
1829,1,"Low"
1830,4,"High"
1833,1,"Low"
1834,1,"Low"
1835,4,"High"
1836,4,"High"
1837,3,"Medium"
1839,3,"Medium"
1842,1,"Low"
1844,1,"Low"
1845,3,"Medium"
1847,2,"Low"
1849,4,"High"
1850,4,"High"
1852,4,"High"
1853,4,"High"
1854,3,"Medium"
1856,3,"Medium"
1857,4,"High"
1858,4,"High"
1859,3,"Medium"
1860,3,"Medium"
1862,2,"Low"
1863,1,"Low"
1864,3,"Medium"
1865,2,"Low"
1866,3,"Medium"
2018,3,"Medium"
1867,2,"Low"
1868,4,"High"
1869,2,"Low"
1870,1,"Low"
1871,4,"High"
1873,4,"High"
1875,2,"Low"
1876,4,"High"
1878,2,"Low"
1880,3,"Medium"
1881,3,"Medium"
1882,4,"High"
1883,1,"Low"
1885,1,"Low"
1886,2,"Low"
1888,4,"High"
1890,4,"High"
1892,1,"Low"
1893,3,"Medium"
1898,3,"Medium"
1900,4,"High"
1903,1,"Low"
1905,1,"Low"
1907,4,"High"
1908,2,"Low"
1909,2,"Low"
1911,1,"Low"
1912,4,"High"
1915,4,"High"
1916,3,"Medium"
1918,4,"High"
1922,3,"Medium"
1924,3,"Medium"
1927,4,"High"
1928,1,"Low"
1929,3,"Medium"
1931,2,"Low"
1932,4,"High"
1933,3,"Medium"
1934,2,"Low"
1935,1,"Low"
1936,1,"Low"
1937,2,"Low"
1938,4,"High"
1939,3,"Medium"
1940,4,"High"
1941,4,"High"
1943,4,"High"
1944,2,"Low"
1945,1,"Low"
1947,3,"Medium"
1948,1,"Low"
1949,2,"Low"
1950,4,"High"
1951,3,"Medium"
1952,1,"Low"
1954,1,"Low"
1955,4,"High"
1956,1,"Low"
1960,4,"High"
1961,1,"Low"
1962,4,"High"
1965,4,"High"
1966,4,"High"
1967,4,"High"
1968,1,"Low"
1969,3,"Medium"
1970,3,"Medium"
1971,3,"Medium"
1972,2,"Low"
1973,2,"Low"
1974,4,"High"
1975,1,"Low"
1976,3,"Medium"
1979,3,"Medium"
1980,1,"Low"
1981,3,"Medium"
1982,4,"High"
1985,3,"Medium"
1986,2,"Low"
1987,2,"Low"
1989,2,"Low"
1992,3,"Medium"
1993,3,"Medium"
1994,3,"Medium"
1995,2,"Low"
1996,3,"Medium"
1997,3,"Medium"
1998,1,"Low"
1999,4,"High"
2000,2,"Low"
2003,3,"Medium"
2007,3,"Medium"
2008,3,"Medium"
2009,4,"High"
2010,2,"Low"
2012,4,"High"
2013,2,"Low"
2014,4,"High"
2015,3,"Medium"
2016,4,"High"
2017,4,"High"
2019,4,"High"
2020,4,"High"
2021,1,"Low"
2022,4,"High"
2023,1,"Low"
2024,4,"High"
2025,2,"Low"
2026,3,"Medium"
2027,4,"High"
2031,3,"Medium"
2032,3,"Medium"
2034,2,"Low"
2035,3,"Medium"
2036,4,"High"
2037,2,"Low"
2038,1,"Low"
2040,4,"High"
2041,4,"High"
2044,3,"Medium"
2045,4,"High"
2046,3,"Medium"
2048,3,"Medium"
2049,3,"Medium"
2051,3,"Medium"
2052,4,"High"
2053,2,"Low"
2054,1,"Low"
2055,1,"Low"
2056,4,"High"
2057,1,"Low"
2060,3,"Medium"
2061,4,"High"
2062,1,"Low"
2064,2,"Low"
2065,2,"Low"
2068,3,"Medium"
