"employeenumber","jobrole"
23,"Manager"
32,"Manager"
38,"Manager"
84,"Manager"
140,"Manager"
148,"Manager"
153,"Manager"
158,"Manager"
199,"Manager"
226,"Manager"
253,"Manager"
259,"Manager"
264,"Manager"
298,"Manager"
319,"Manager"
323,"Manager"
327,"Manager"
329,"Manager"
336,"Manager"
363,"Manager"
374,"Manager"
376,"Manager"
381,"Manager"
410,"Manager"
428,"Manager"
429,"Manager"
444,"Manager"
473,"Manager"
505,"Manager"
531,"Manager"
546,"Manager"
549,"Manager"
558,"Manager"
568,"Manager"
569,"Manager"
582,"Manager"
597,"Manager"
613,"Manager"
625,"Manager"
644,"Manager"
664,"Manager"
671,"Manager"
731,"Manager"
734,"Manager"
776,"Manager"
787,"Manager"
809,"Manager"
820,"Manager"
851,"Manager"
905,"Manager"
976,"Manager"
981,"Manager"
992,"Manager"
1029,"Manager"
1038,"Manager"
1045,"Manager"
1048,"Manager"
1074,"Manager"
1109,"Manager"
1116,"Manager"
1124,"Manager"
1191,"Manager"
1201,"Manager"
1204,"Manager"
1215,"Manager"
1256,"Manager"
1267,"Manager"
1277,"Manager"
1280,"Manager"
1282,"Manager"
1288,"Manager"
1306,"Manager"
1307,"Manager"
1321,"Manager"
1334,"Manager"
1336,"Manager"
1338,"Manager"
1352,"Manager"
1408,"Manager"
1516,"Manager"
1520,"Manager"
1527,"Manager"
1550,"Manager"
1578,"Manager"
1591,"Manager"
1595,"Manager"
1602,"Manager"
1625,"Manager"
1644,"Manager"
1665,"Manager"
1676,"Manager"
1677,"Manager"
1740,"Manager"
1786,"Manager"
1824,"Manager"
1866,"Manager"
1892,"Manager"
1900,"Manager"
1938,"Manager"
1973,"Manager"
2022,"Manager"
2031,"Manager"
