"age","attrition","businesstravel","dailyrate","department","distancefromhome","education","educationfield","employeecount","employeenumber","environmentsatisfaction","gender","hourlyrate","jobinvolvement","joblevel","jobrole","jobsatisfaction","maritalstatus","monthlyincome","monthlyrate","numcompaniesworked","over18","overtime","percentsalaryhike","performancerating","relationshipsatisfaction","standardhours","stockoptionlevel","totalworkingyears","trainingtimeslastyear","worklifebalance","yearsatcompany","yearsincurrentrole","yearssincelastpromotion","yearswithcurrmanager","hire_date","manager_id"
41,"Yes","Travel_Rarely",1102,"Sales",1,2,"Life Sciences",1,1,2,"Female",94,3,2,"Sales Executive",4,"Single",5993,19479,8,"Y","Yes",11,3,1,80,0,8,0,1,6,4,0,5,"2019-03-28",NULL
32,"Yes","Travel_Rarely",1045,"Sales",4,4,"Medical",1,291,4,"Male",32,1,3,"Sales Executive",4,"Married",10400,25812,1,"Y","No",11,3,3,80,0,14,2,2,14,8,9,8,"2011-03-30",NULL
35,"Yes","Travel_Rarely",737,"Sales",10,3,"Medical",1,1639,4,"Male",55,2,3,"Sales Executive",1,"Married",10306,21530,9,"Y","No",17,3,3,80,0,15,3,3,13,12,6,0,"2012-03-29",NULL
37,"Yes","Travel_Rarely",1373,"Research & Development",2,2,"Other",1,4,4,"Male",92,2,1,"Laboratory Technician",3,"Single",2090,2396,6,"Y","Yes",15,3,2,80,0,7,3,3,0,0,0,0,"2025-03-26",NULL
28,"Yes","Travel_Rarely",103,"Research & Development",24,3,"Life Sciences",1,19,3,"Male",50,2,1,"Laboratory Technician",3,"Single",2028,12947,5,"Y","Yes",14,3,2,80,0,6,4,3,4,2,0,3,"2021-03-27",NULL
36,"Yes","Travel_Rarely",1218,"Sales",9,4,"Life Sciences",1,27,3,"Male",82,2,1,"Sales Representative",1,"Single",3407,6986,7,"Y","No",23,4,2,80,0,10,4,3,5,3,0,3,"2020-03-27",NULL
34,"Yes","Travel_Rarely",699,"Research & Development",6,1,"Medical",1,31,2,"Male",83,3,1,"Research Scientist",1,"Single",2960,17102,2,"Y","No",11,3,3,80,0,8,2,3,4,2,1,3,"2021-03-27",NULL
32,"Yes","Travel_Frequently",1125,"Research & Development",16,1,"Life Sciences",1,33,2,"Female",72,1,1,"Research Scientist",1,"Single",3919,4681,1,"Y","Yes",22,4,2,80,0,10,5,3,10,2,6,7,"2015-03-29",NULL
39,"Yes","Travel_Rarely",895,"Sales",5,3,"Technical Degree",1,42,4,"Male",56,3,2,"Sales Representative",4,"Married",2086,3335,3,"Y","No",14,3,3,80,1,19,6,4,1,0,0,0,"2024-03-26",NULL
24,"Yes","Travel_Rarely",813,"Research & Development",1,3,"Medical",1,45,2,"Male",61,3,1,"Research Scientist",4,"Married",2293,3020,2,"Y","Yes",16,3,1,80,1,6,2,2,2,0,2,0,"2023-03-27",NULL
50,"Yes","Travel_Rarely",869,"Sales",3,2,"Marketing",1,47,1,"Male",86,2,1,"Sales Representative",3,"Married",2683,3810,1,"Y","Yes",14,3,3,80,0,3,2,3,3,2,0,2,"2022-03-27",NULL
26,"Yes","Travel_Rarely",1357,"Research & Development",25,3,"Life Sciences",1,55,1,"Male",48,1,1,"Laboratory Technician",3,"Single",2293,10558,1,"Y","No",12,3,3,80,0,1,2,2,1,0,0,1,"2024-03-26",NULL
41,"Yes","Travel_Rarely",1360,"Research & Development",12,3,"Technical Degree",1,58,2,"Female",49,3,5,"Research Director",3,"Married",19545,16280,1,"Y","No",12,3,4,80,0,23,0,3,22,15,15,8,"2003-04-01",NULL
48,"Yes","Travel_Rarely",626,"Research & Development",1,2,"Life Sciences",1,64,1,"Male",98,2,3,"Laboratory Technician",3,"Single",5381,19294,9,"Y","Yes",13,3,4,80,0,23,2,3,1,0,0,0,"2024-03-26",NULL
28,"Yes","Travel_Rarely",1434,"Research & Development",5,4,"Technical Degree",1,65,3,"Male",50,3,1,"Laboratory Technician",3,"Single",3441,11179,1,"Y","Yes",13,3,3,80,0,2,3,2,2,2,2,2,"2023-03-27",NULL
36,"Yes","Travel_Rarely",318,"Research & Development",9,3,"Medical",1,90,4,"Male",79,2,1,"Research Scientist",3,"Married",3388,21777,0,"Y","Yes",17,3,1,80,1,2,0,2,1,0,0,0,"2024-03-26",NULL
46,"Yes","Travel_Rarely",669,"Sales",9,2,"Medical",1,118,3,"Male",64,2,3,"Sales Executive",4,"Single",9619,13596,1,"Y","No",16,3,4,80,0,9,3,3,9,8,4,7,"2016-03-28",NULL
37,"Yes","Travel_Rarely",807,"Human Resources",6,4,"Human Resources",1,133,3,"Male",63,3,1,"Human Resources",1,"Divorced",2073,23648,4,"Y","Yes",22,4,4,80,0,7,3,3,3,2,0,2,"2022-03-27",NULL
20,"Yes","Travel_Frequently",871,"Research & Development",6,3,"Life Sciences",1,137,4,"Female",66,2,1,"Laboratory Technician",4,"Single",2926,19783,1,"Y","Yes",18,3,2,80,0,1,5,3,1,0,1,0,"2024-03-26",NULL
25,"Yes","Travel_Rarely",240,"Sales",5,3,"Marketing",1,142,3,"Male",46,2,2,"Sales Executive",3,"Single",5744,26959,1,"Y","Yes",11,3,4,80,0,6,1,3,6,4,0,3,"2019-03-28",NULL
34,"Yes","Travel_Frequently",658,"Research & Development",7,3,"Life Sciences",1,147,1,"Male",66,1,2,"Laboratory Technician",3,"Single",6074,22887,1,"Y","Yes",24,4,4,80,0,9,3,3,9,7,0,6,"2016-03-28",NULL
56,"Yes","Travel_Rarely",441,"Research & Development",14,4,"Life Sciences",1,161,2,"Female",72,3,1,"Research Scientist",2,"Married",4963,4510,9,"Y","Yes",18,3,1,80,3,7,2,3,5,4,4,3,"2020-03-27",NULL
31,"Yes","Travel_Rarely",249,"Sales",6,4,"Life Sciences",1,163,2,"Male",76,1,2,"Sales Executive",3,"Married",6172,20739,4,"Y","Yes",18,3,2,80,0,12,3,2,7,7,7,7,"2018-03-28",NULL
58,"Yes","Travel_Rarely",147,"Research & Development",23,4,"Medical",1,165,4,"Female",94,3,3,"Healthcare Representative",4,"Married",10312,3465,1,"Y","No",12,3,4,80,1,40,3,2,40,10,15,6,"1985-04-05",NULL
19,"Yes","Travel_Rarely",528,"Sales",22,1,"Marketing",1,167,4,"Male",50,3,1,"Sales Representative",3,"Single",1675,26820,1,"Y","Yes",19,3,4,80,0,0,2,2,0,0,0,0,"2025-03-26",NULL
31,"Yes","Travel_Rarely",542,"Sales",20,3,"Life Sciences",1,175,2,"Female",71,1,2,"Sales Executive",3,"Married",4559,24788,3,"Y","Yes",11,3,3,80,1,4,2,3,2,2,2,2,"2023-03-27",NULL
51,"Yes","Travel_Frequently",1150,"Research & Development",8,4,"Life Sciences",1,179,1,"Male",53,1,3,"Manufacturing Director",4,"Single",10650,25150,2,"Y","No",15,3,4,80,0,18,2,3,4,2,0,3,"2021-03-27",NULL
32,"Yes","Travel_Rarely",1033,"Research & Development",9,3,"Medical",1,190,1,"Female",41,3,1,"Laboratory Technician",1,"Single",4200,10224,7,"Y","No",22,4,1,80,0,10,2,4,5,4,0,4,"2020-03-27",NULL
19,"Yes","Travel_Frequently",602,"Sales",1,1,"Technical Degree",1,235,3,"Female",100,1,1,"Sales Representative",1,"Single",2325,20989,0,"Y","No",21,4,1,80,0,1,5,4,0,0,0,0,"2025-03-26",NULL
19,"Yes","Travel_Rarely",303,"Research & Development",2,3,"Life Sciences",1,243,2,"Male",47,2,1,"Laboratory Technician",4,"Single",1102,9241,1,"Y","No",22,4,3,80,0,1,3,2,1,0,1,0,"2024-03-26",NULL
41,"Yes","Travel_Rarely",1356,"Sales",20,2,"Marketing",1,248,2,"Female",70,3,1,"Sales Representative",2,"Single",3140,21728,1,"Y","Yes",22,4,4,80,0,4,5,2,4,3,0,2,"2021-03-27",NULL
35,"Yes","Travel_Rarely",556,"Research & Development",23,2,"Life Sciences",1,261,2,"Male",50,2,2,"Manufacturing Director",3,"Married",5916,15497,3,"Y","Yes",13,3,1,80,0,8,1,3,1,0,0,1,"2024-03-26",NULL
38,"Yes","Travel_Rarely",1180,"Research & Development",29,1,"Medical",1,282,2,"Male",70,3,2,"Healthcare Representative",1,"Married",6673,11354,7,"Y","Yes",19,3,2,80,0,17,2,3,1,0,0,0,"2024-03-26",NULL
29,"Yes","Travel_Rarely",121,"Sales",27,3,"Marketing",1,283,2,"Female",35,3,3,"Sales Executive",4,"Married",7639,24525,1,"Y","No",22,4,4,80,3,10,3,2,10,4,1,9,"2015-03-29",NULL
30,"Yes","Travel_Rarely",1005,"Research & Development",3,3,"Technical Degree",1,297,4,"Female",88,3,1,"Research Scientist",1,"Single",2657,8556,5,"Y","Yes",11,3,3,80,0,8,5,3,5,2,0,4,"2020-03-27",NULL
30,"Yes","Travel_Frequently",334,"Sales",26,4,"Marketing",1,299,3,"Female",52,2,2,"Sales Executive",1,"Single",6696,22967,5,"Y","No",15,3,3,80,0,9,5,2,6,3,0,1,"2019-03-28",NULL
29,"Yes","Travel_Rarely",992,"Research & Development",1,3,"Technical Degree",1,300,3,"Male",85,3,1,"Research Scientist",3,"Single",2058,19757,0,"Y","No",14,3,4,80,0,7,1,2,6,2,1,5,"2019-03-28",NULL
29,"Yes","Travel_Rarely",896,"Research & Development",18,1,"Medical",1,315,3,"Male",86,2,1,"Research Scientist",4,"Single",2389,14961,1,"Y","Yes",13,3,3,80,0,4,3,2,4,3,0,1,"2021-03-27",NULL
33,"Yes","Travel_Rarely",813,"Research & Development",14,3,"Medical",1,325,3,"Male",58,3,1,"Laboratory Technician",4,"Married",2436,22149,5,"Y","Yes",13,3,3,80,1,8,2,1,5,4,0,4,"2020-03-27",NULL
33,"Yes","Travel_Rarely",465,"Research & Development",2,2,"Life Sciences",1,328,1,"Female",39,3,1,"Laboratory Technician",1,"Married",2707,21509,7,"Y","No",20,4,1,80,0,13,3,4,9,7,1,7,"2016-03-28",NULL
32,"Yes","Travel_Rarely",515,"Research & Development",1,3,"Life Sciences",1,331,4,"Male",62,2,1,"Laboratory Technician",3,"Single",3730,9571,0,"Y","Yes",14,3,4,80,0,4,2,1,3,2,1,2,"2022-03-27",NULL
37,"Yes","Travel_Frequently",504,"Research & Development",10,3,"Medical",1,342,1,"Male",61,3,3,"Manufacturing Director",3,"Divorced",10048,22573,6,"Y","No",11,3,2,80,2,17,5,3,1,0,0,0,"2024-03-26",NULL
31,"Yes","Travel_Frequently",307,"Research & Development",29,2,"Medical",1,355,3,"Male",71,2,1,"Laboratory Technician",2,"Single",3479,11652,0,"Y","No",11,3,2,80,0,6,2,4,5,4,1,4,"2020-03-27",NULL
28,"Yes","Travel_Rarely",529,"Research & Development",2,4,"Life Sciences",1,364,1,"Male",79,3,1,"Laboratory Technician",3,"Single",3485,14935,2,"Y","No",11,3,3,80,0,5,5,1,0,0,0,0,"2025-03-26",NULL
47,"Yes","Non-Travel",666,"Research & Development",29,4,"Life Sciences",1,376,1,"Male",88,3,3,"Manager",2,"Married",11849,10268,1,"Y","Yes",12,3,4,80,1,10,2,2,10,7,9,9,"2015-03-29",NULL
44,"Yes","Travel_Frequently",920,"Research & Development",24,3,"Life Sciences",1,392,4,"Male",43,3,1,"Laboratory Technician",3,"Divorced",3161,19920,3,"Y","Yes",22,4,4,80,1,19,0,1,1,0,0,0,"2024-03-26",NULL
26,"Yes","Travel_Rarely",1449,"Research & Development",16,4,"Medical",1,394,1,"Male",45,3,1,"Laboratory Technician",2,"Divorced",2373,14180,2,"Y","Yes",13,3,4,80,1,5,2,3,3,2,0,2,"2022-03-27",NULL
26,"Yes","Travel_Rarely",950,"Sales",4,4,"Marketing",1,401,4,"Male",48,2,2,"Sales Executive",4,"Single",5828,8450,1,"Y","Yes",12,3,2,80,0,8,0,3,8,7,7,4,"2017-03-28",NULL
18,"Yes","Travel_Rarely",230,"Research & Development",3,3,"Life Sciences",1,405,3,"Male",54,3,1,"Laboratory Technician",3,"Single",1420,25233,1,"Y","No",13,3,3,80,0,0,2,3,0,0,0,0,"2025-03-26",NULL
52,"Yes","Travel_Rarely",723,"Research & Development",8,4,"Medical",1,433,3,"Male",85,2,2,"Research Scientist",2,"Married",4941,17747,2,"Y","No",15,3,1,80,0,11,3,2,8,2,7,7,"2017-03-28",NULL
28,"Yes","Travel_Rarely",1157,"Research & Development",2,4,"Medical",1,440,1,"Male",84,1,1,"Research Scientist",4,"Married",3464,24737,5,"Y","Yes",13,3,4,80,0,5,4,2,3,2,2,2,"2022-03-27",NULL
39,"Yes","Travel_Rarely",1162,"Sales",3,2,"Medical",1,445,4,"Female",41,3,2,"Sales Executive",3,"Married",5238,17778,4,"Y","Yes",18,3,1,80,0,12,3,2,1,0,0,0,"2024-03-26",NULL
29,"Yes","Travel_Rarely",318,"Research & Development",8,4,"Other",1,454,2,"Male",77,1,1,"Laboratory Technician",1,"Married",2119,4759,1,"Y","Yes",11,3,4,80,0,7,4,2,7,7,0,7,"2018-03-28",NULL
21,"Yes","Travel_Frequently",756,"Sales",1,1,"Technical Degree",1,478,1,"Female",99,2,1,"Sales Representative",2,"Single",2174,9150,1,"Y","Yes",11,3,3,80,0,3,3,3,3,2,1,2,"2022-03-27",NULL
33,"Yes","Travel_Rarely",350,"Sales",5,3,"Marketing",1,485,4,"Female",34,3,1,"Sales Representative",3,"Single",2851,9150,1,"Y","Yes",13,3,2,80,0,1,2,3,1,0,0,0,"2024-03-26",NULL
41,"Yes","Travel_Frequently",143,"Sales",4,3,"Marketing",1,488,1,"Male",56,3,2,"Sales Executive",2,"Single",9355,9558,1,"Y","No",18,3,3,80,0,8,5,3,8,7,7,7,"2017-03-28",NULL
40,"Yes","Travel_Rarely",575,"Sales",22,2,"Marketing",1,492,3,"Male",68,2,2,"Sales Executive",3,"Married",6380,6110,2,"Y","Yes",12,3,1,80,2,8,6,3,6,4,1,0,"2019-03-28",NULL
21,"Yes","Travel_Rarely",156,"Sales",12,3,"Life Sciences",1,494,3,"Female",90,4,1,"Sales Representative",2,"Single",2716,25422,1,"Y","No",15,3,4,80,0,1,0,3,1,0,0,0,"2024-03-26",NULL
34,"Yes","Non-Travel",1362,"Sales",19,3,"Marketing",1,502,1,"Male",67,4,2,"Sales Executive",4,"Single",5304,4652,8,"Y","Yes",13,3,2,80,0,9,3,2,5,2,0,4,"2020-03-27",NULL
26,"Yes","Travel_Frequently",575,"Research & Development",3,1,"Technical Degree",1,510,3,"Male",73,3,1,"Research Scientist",1,"Single",3102,6582,0,"Y","No",22,4,3,80,0,7,2,3,6,4,0,4,"2019-03-28",NULL
30,"Yes","Travel_Frequently",464,"Research & Development",4,3,"Technical Degree",1,514,3,"Male",40,3,1,"Research Scientist",4,"Single",2285,3427,9,"Y","Yes",23,4,3,80,0,3,4,3,1,0,0,0,"2024-03-26",NULL
25,"Yes","Travel_Rarely",688,"Research & Development",3,3,"Medical",1,538,1,"Male",91,3,1,"Laboratory Technician",1,"Married",4031,9396,5,"Y","No",13,3,3,80,1,6,5,3,2,2,0,2,"2023-03-27",NULL
24,"Yes","Travel_Rarely",1448,"Sales",1,1,"Technical Degree",1,554,1,"Female",62,3,1,"Sales Representative",2,"Single",3202,21972,1,"Y","Yes",16,3,2,80,0,6,4,3,5,3,1,4,"2020-03-27",NULL
34,"Yes","Travel_Frequently",296,"Sales",6,2,"Marketing",1,555,4,"Female",33,1,1,"Sales Representative",3,"Divorced",2351,12253,0,"Y","No",16,3,4,80,1,3,3,2,2,2,1,0,"2023-03-27",NULL
29,"Yes","Travel_Rarely",408,"Research & Development",25,5,"Technical Degree",1,565,3,"Female",71,2,1,"Research Scientist",2,"Married",2546,18300,5,"Y","No",16,3,2,80,0,6,2,4,2,2,1,1,"2023-03-27",NULL
19,"Yes","Travel_Rarely",489,"Human Resources",2,2,"Technical Degree",1,566,1,"Male",52,2,1,"Human Resources",4,"Single",2564,18437,1,"Y","No",12,3,3,80,0,1,3,4,1,0,0,0,"2024-03-26",NULL
33,"Yes","Travel_Rarely",1277,"Research & Development",15,1,"Medical",1,582,2,"Male",56,3,3,"Manager",3,"Married",13610,24619,7,"Y","Yes",12,3,4,80,0,15,2,4,7,6,7,7,"2018-03-28",NULL
33,"Yes","Travel_Rarely",587,"Research & Development",10,1,"Medical",1,584,1,"Male",38,1,1,"Laboratory Technician",4,"Divorced",3408,6705,7,"Y","No",13,3,1,80,3,8,2,3,4,3,1,3,"2021-03-27",NULL
31,"Yes","Travel_Frequently",534,"Research & Development",20,3,"Life Sciences",1,587,1,"Male",66,3,3,"Healthcare Representative",3,"Married",9824,22908,3,"Y","No",12,3,1,80,0,12,2,3,1,0,0,0,"2024-03-26",NULL
34,"Yes","Travel_Frequently",988,"Human Resources",23,3,"Human Resources",1,590,2,"Female",43,3,3,"Human Resources",1,"Divorced",9950,11533,9,"Y","Yes",15,3,3,80,3,11,2,3,3,2,0,2,"2022-03-27",NULL
22,"Yes","Travel_Frequently",1368,"Research & Development",4,1,"Technical Degree",1,593,3,"Male",99,2,1,"Laboratory Technician",3,"Single",3894,9129,5,"Y","No",16,3,3,80,0,4,3,3,2,2,1,2,"2023-03-27",NULL
26,"Yes","Travel_Frequently",426,"Human Resources",17,4,"Life Sciences",1,608,2,"Female",58,3,1,"Human Resources",3,"Divorced",2741,22808,0,"Y","Yes",11,3,2,80,1,8,2,2,7,7,1,0,"2018-03-28",NULL
18,"Yes","Travel_Frequently",1306,"Sales",5,3,"Marketing",1,614,2,"Male",69,3,1,"Sales Representative",2,"Single",1878,8059,1,"Y","Yes",14,3,4,80,0,0,3,3,0,0,0,0,"2025-03-26",NULL
26,"Yes","Travel_Rarely",471,"Research & Development",24,3,"Technical Degree",1,622,3,"Male",66,1,1,"Laboratory Technician",4,"Single",2340,23213,1,"Y","Yes",18,3,2,80,0,1,3,1,1,0,0,0,"2024-03-26",NULL
32,"Yes","Non-Travel",1474,"Sales",11,4,"Other",1,631,4,"Male",60,4,2,"Sales Executive",3,"Married",4707,23914,8,"Y","No",12,3,4,80,0,6,2,3,4,2,1,2,"2021-03-27",NULL
24,"Yes","Travel_Frequently",1287,"Research & Development",7,3,"Life Sciences",1,647,1,"Female",55,3,1,"Laboratory Technician",3,"Married",2886,14168,1,"Y","Yes",16,3,4,80,1,6,4,3,6,3,1,2,"2019-03-28",NULL
30,"Yes","Travel_Frequently",448,"Sales",12,4,"Life Sciences",1,648,2,"Male",74,2,1,"Sales Representative",1,"Married",2033,14470,1,"Y","No",18,3,3,80,1,1,2,4,1,0,0,0,"2024-03-26",NULL
31,"Yes","Travel_Rarely",1365,"Sales",13,4,"Medical",1,650,2,"Male",46,3,2,"Sales Executive",1,"Divorced",4233,11512,2,"Y","No",17,3,3,80,0,9,2,1,3,1,1,2,"2022-03-27",NULL
27,"Yes","Travel_Rarely",1420,"Sales",2,1,"Marketing",1,667,3,"Male",85,3,1,"Sales Representative",1,"Divorced",3041,16346,0,"Y","No",11,3,2,80,1,5,3,3,4,3,0,2,"2021-03-27",NULL
45,"Yes","Travel_Frequently",306,"Sales",26,4,"Life Sciences",1,684,1,"Female",100,3,2,"Sales Executive",1,"Married",4286,5630,2,"Y","No",14,3,4,80,2,5,4,3,1,1,0,0,"2024-03-26",NULL
20,"Yes","Travel_Rarely",1362,"Research & Development",10,1,"Medical",1,701,4,"Male",32,3,1,"Research Scientist",3,"Single",1009,26999,1,"Y","Yes",11,3,4,80,0,1,5,3,1,0,1,1,"2024-03-26",NULL
33,"Yes","Travel_Frequently",1076,"Research & Development",3,3,"Life Sciences",1,702,1,"Male",70,3,1,"Research Scientist",1,"Single",3348,3164,1,"Y","Yes",11,3,1,80,0,10,3,3,10,8,9,7,"2015-03-29",NULL
24,"Yes","Travel_Rarely",693,"Sales",3,2,"Life Sciences",1,720,1,"Female",65,3,2,"Sales Executive",3,"Single",4577,24785,9,"Y","No",14,3,1,80,0,4,3,3,2,2,2,0,"2023-03-27",NULL
50,"Yes","Travel_Frequently",562,"Sales",8,2,"Technical Degree",1,723,2,"Male",50,3,2,"Sales Executive",3,"Married",6796,23452,3,"Y","Yes",14,3,1,80,1,18,4,3,4,3,1,3,"2021-03-27",NULL
28,"Yes","Travel_Rarely",654,"Research & Development",1,2,"Life Sciences",1,741,1,"Female",67,1,1,"Research Scientist",2,"Single",2216,3872,7,"Y","Yes",13,3,4,80,0,10,4,3,7,7,3,7,"2018-03-28",NULL
42,"Yes","Travel_Frequently",933,"Research & Development",19,3,"Medical",1,752,3,"Male",57,4,1,"Research Scientist",3,"Divorced",2759,20366,6,"Y","Yes",12,3,4,80,0,7,2,3,2,2,2,2,"2023-03-27",NULL
33,"Yes","Travel_Rarely",527,"Research & Development",1,4,"Other",1,780,4,"Male",63,3,1,"Research Scientist",4,"Single",2686,5207,1,"Y","Yes",13,3,3,80,0,10,2,2,10,9,7,8,"2015-03-29",NULL
47,"Yes","Travel_Frequently",719,"Sales",27,2,"Life Sciences",1,785,2,"Female",77,4,2,"Sales Executive",3,"Single",6397,10339,4,"Y","Yes",12,3,4,80,0,8,2,3,5,4,1,3,"2020-03-27",NULL
55,"Yes","Travel_Rarely",725,"Research & Development",2,3,"Medical",1,787,4,"Male",78,3,5,"Manager",1,"Married",19859,21199,5,"Y","Yes",13,3,4,80,1,24,2,3,5,2,1,4,"2020-03-27",NULL
26,"Yes","Travel_Rarely",1146,"Sales",8,3,"Technical Degree",1,796,4,"Male",38,2,2,"Sales Executive",1,"Single",5326,3064,6,"Y","No",17,3,3,80,0,6,2,2,4,3,1,2,"2021-03-27",NULL
23,"Yes","Travel_Rarely",1243,"Research & Development",6,3,"Life Sciences",1,811,3,"Male",63,4,1,"Laboratory Technician",1,"Married",1601,3445,1,"Y","Yes",21,4,3,80,2,1,2,3,0,0,0,0,"2025-03-26",NULL
29,"Yes","Travel_Rarely",805,"Research & Development",1,2,"Life Sciences",1,816,2,"Female",36,2,1,"Laboratory Technician",1,"Married",2319,6689,1,"Y","Yes",11,3,4,80,1,1,1,3,1,0,0,0,"2024-03-26",NULL
33,"Yes","Travel_Rarely",118,"Sales",16,3,"Marketing",1,819,1,"Female",69,3,2,"Sales Executive",1,"Single",5324,26507,5,"Y","No",15,3,3,80,0,6,3,3,3,2,0,2,"2022-03-27",NULL
58,"Yes","Travel_Rarely",286,"Research & Development",2,4,"Life Sciences",1,825,4,"Male",31,3,5,"Research Director",2,"Single",19246,25761,7,"Y","Yes",12,3,4,80,0,40,2,3,31,15,13,8,"1994-04-03",NULL
28,"Yes","Travel_Rarely",890,"Research & Development",2,4,"Medical",1,828,3,"Male",46,3,1,"Research Scientist",3,"Single",4382,16374,6,"Y","No",17,3,4,80,0,5,3,2,2,2,2,1,"2023-03-27",NULL
49,"Yes","Travel_Rarely",1184,"Sales",11,3,"Marketing",1,840,3,"Female",43,3,3,"Sales Executive",4,"Married",7654,5860,1,"Y","No",18,3,1,80,2,9,3,4,9,8,7,7,"2016-03-28",NULL
55,"Yes","Travel_Rarely",436,"Sales",2,1,"Medical",1,842,3,"Male",37,3,2,"Sales Executive",4,"Single",5160,21519,4,"Y","No",16,3,3,80,0,12,3,2,9,7,7,3,"2016-03-28",NULL
26,"Yes","Travel_Frequently",887,"Research & Development",5,2,"Medical",1,848,3,"Female",88,2,1,"Research Scientist",3,"Married",2366,20898,1,"Y","Yes",14,3,1,80,1,8,2,3,8,7,1,7,"2017-03-28",NULL
35,"Yes","Travel_Frequently",130,"Research & Development",25,4,"Life Sciences",1,881,4,"Female",96,3,1,"Research Scientist",2,"Divorced",2022,16612,1,"Y","Yes",19,3,1,80,1,10,3,2,10,2,7,8,"2015-03-29",NULL
29,"Yes","Travel_Rarely",341,"Sales",1,3,"Medical",1,896,2,"Female",48,2,1,"Sales Representative",3,"Divorced",2800,23522,6,"Y","Yes",19,3,3,80,3,5,3,3,3,2,0,2,"2022-03-27",NULL
32,"Yes","Travel_Rarely",374,"Research & Development",25,4,"Life Sciences",1,911,1,"Male",87,3,1,"Laboratory Technician",4,"Single",2795,18016,1,"Y","Yes",24,4,3,80,0,1,2,1,1,0,0,1,"2024-03-26",NULL
58,"Yes","Travel_Frequently",781,"Research & Development",2,1,"Life Sciences",1,918,4,"Male",57,2,1,"Laboratory Technician",4,"Divorced",2380,13384,9,"Y","Yes",14,3,4,80,1,3,3,2,1,0,0,0,"2024-03-26",NULL
20,"Yes","Travel_Rarely",500,"Sales",2,3,"Medical",1,922,3,"Female",49,2,1,"Sales Representative",3,"Single",2044,22052,1,"Y","No",13,3,4,80,0,2,3,2,2,2,0,2,"2023-03-27",NULL
21,"Yes","Travel_Rarely",1427,"Research & Development",18,1,"Other",1,923,4,"Female",65,3,1,"Research Scientist",4,"Single",2693,8870,1,"Y","No",19,3,1,80,0,1,3,2,1,0,0,0,"2024-03-26",NULL
22,"Yes","Travel_Rarely",617,"Research & Development",3,1,"Life Sciences",1,926,2,"Female",34,3,2,"Manufacturing Director",3,"Married",4171,10022,0,"Y","Yes",19,3,1,80,1,4,3,4,3,2,0,2,"2022-03-27",NULL
41,"Yes","Travel_Rarely",1085,"Research & Development",2,4,"Life Sciences",1,927,2,"Female",57,1,1,"Laboratory Technician",4,"Divorced",2778,17725,4,"Y","Yes",13,3,3,80,1,10,1,2,7,7,1,0,"2018-03-28",NULL
39,"Yes","Travel_Rarely",1122,"Research & Development",6,3,"Medical",1,932,4,"Male",70,3,1,"Laboratory Technician",1,"Married",2404,4303,7,"Y","Yes",21,4,4,80,0,8,2,1,2,2,2,2,"2023-03-27",NULL
25,"Yes","Travel_Rarely",867,"Sales",19,2,"Marketing",1,952,3,"Male",36,2,1,"Sales Representative",2,"Married",2413,18798,1,"Y","Yes",18,3,3,80,3,1,2,3,1,0,0,0,"2024-03-26",NULL
19,"Yes","Travel_Rarely",419,"Sales",21,3,"Other",1,959,4,"Male",37,2,1,"Sales Representative",2,"Single",2121,9947,1,"Y","Yes",13,3,2,80,0,1,3,4,1,0,0,0,"2024-03-26",NULL
20,"Yes","Travel_Rarely",129,"Research & Development",4,3,"Technical Degree",1,960,1,"Male",84,3,1,"Laboratory Technician",1,"Single",2973,13008,1,"Y","No",19,3,2,80,0,1,2,3,1,0,0,0,"2024-03-26",NULL
36,"Yes","Travel_Rarely",530,"Sales",3,1,"Life Sciences",1,967,3,"Male",51,2,3,"Sales Executive",4,"Married",10325,5518,1,"Y","Yes",11,3,1,80,1,16,6,3,16,7,3,7,"2009-03-30",NULL
37,"Yes","Travel_Rarely",625,"Sales",1,4,"Life Sciences",1,970,1,"Male",46,2,3,"Sales Executive",3,"Married",10609,14922,5,"Y","No",11,3,3,80,0,17,2,1,14,1,11,7,"2011-03-30",NULL
58,"Yes","Travel_Rarely",289,"Research & Development",2,3,"Technical Degree",1,977,4,"Male",51,3,1,"Research Scientist",3,"Single",2479,26227,4,"Y","No",24,4,1,80,0,7,4,3,1,0,0,0,"2024-03-26",NULL
40,"Yes","Non-Travel",1479,"Sales",24,3,"Life Sciences",1,986,2,"Female",100,4,4,"Sales Executive",2,"Single",13194,17071,4,"Y","Yes",16,3,4,80,0,22,2,2,1,0,0,0,"2024-03-26",NULL
31,"Yes","Non-Travel",335,"Research & Development",9,2,"Medical",1,991,3,"Male",46,2,1,"Research Scientist",1,"Single",2321,10322,0,"Y","Yes",22,4,1,80,0,4,0,3,3,2,1,2,"2022-03-27",NULL
29,"Yes","Travel_Rarely",906,"Research & Development",10,3,"Life Sciences",1,994,4,"Female",92,2,1,"Research Scientist",1,"Single",2404,11479,6,"Y","Yes",20,4,3,80,0,3,5,3,0,0,0,0,"2025-03-26",NULL
30,"Yes","Travel_Rarely",138,"Research & Development",22,3,"Life Sciences",1,1004,1,"Female",48,3,1,"Research Scientist",3,"Married",2132,11539,4,"Y","Yes",11,3,2,80,0,7,2,3,5,2,0,1,"2020-03-27",NULL
35,"Yes","Travel_Rarely",622,"Research & Development",14,4,"Other",1,1010,3,"Male",39,2,1,"Laboratory Technician",2,"Divorced",3743,10074,1,"Y","Yes",24,4,4,80,1,5,2,1,4,2,0,2,"2021-03-27",NULL
20,"Yes","Travel_Rarely",1097,"Research & Development",11,3,"Medical",1,1016,4,"Female",98,2,1,"Research Scientist",1,"Single",2600,18275,1,"Y","Yes",15,3,1,80,0,1,2,3,1,0,0,0,"2024-03-26",NULL
30,"Yes","Travel_Frequently",109,"Research & Development",5,3,"Medical",1,1017,2,"Female",60,3,1,"Laboratory Technician",2,"Single",2422,25725,0,"Y","No",17,3,1,80,0,4,3,3,3,2,1,2,"2022-03-27",NULL
37,"Yes","Travel_Rarely",1141,"Research & Development",11,2,"Medical",1,1033,1,"Female",61,1,2,"Healthcare Representative",2,"Married",4777,14382,5,"Y","No",15,3,1,80,0,15,2,1,1,0,0,0,"2024-03-26",NULL
26,"Yes","Non-Travel",265,"Sales",29,2,"Medical",1,1037,2,"Male",79,1,2,"Sales Executive",1,"Single",4969,21813,8,"Y","No",18,3,4,80,0,7,6,3,2,2,2,2,"2023-03-27",NULL
52,"Yes","Travel_Rarely",266,"Sales",2,1,"Marketing",1,1038,1,"Female",57,1,5,"Manager",4,"Married",19845,25846,1,"Y","No",15,3,4,80,1,33,3,3,32,14,6,9,"1993-04-03",NULL
36,"Yes","Travel_Rarely",885,"Research & Development",16,4,"Life Sciences",1,1042,3,"Female",43,4,1,"Laboratory Technician",1,"Single",2743,8269,1,"Y","No",16,3,3,80,0,18,1,3,17,13,15,14,"2008-03-30",NULL
36,"Yes","Travel_Rarely",660,"Research & Development",15,3,"Other",1,1052,1,"Male",81,3,2,"Laboratory Technician",3,"Divorced",4834,7858,7,"Y","No",14,3,2,80,1,9,3,2,1,0,0,0,"2024-03-26",NULL
26,"Yes","Travel_Frequently",342,"Research & Development",2,3,"Life Sciences",1,1053,1,"Male",57,3,1,"Research Scientist",1,"Married",2042,15346,6,"Y","Yes",14,3,2,80,1,6,2,3,3,2,1,2,"2022-03-27",NULL
20,"Yes","Travel_Frequently",769,"Sales",9,3,"Marketing",1,1077,4,"Female",54,3,1,"Sales Representative",4,"Single",2323,17205,1,"Y","Yes",14,3,2,80,0,2,3,3,2,2,0,2,"2023-03-27",NULL
21,"Yes","Travel_Rarely",1334,"Research & Development",10,3,"Life Sciences",1,1079,3,"Female",36,2,1,"Laboratory Technician",1,"Single",1416,17258,1,"Y","No",13,3,1,80,0,1,6,2,1,0,1,0,"2024-03-26",NULL
51,"Yes","Travel_Rarely",1323,"Research & Development",4,4,"Life Sciences",1,1081,1,"Male",34,3,1,"Research Scientist",3,"Married",2461,10332,9,"Y","Yes",12,3,3,80,3,18,2,4,10,0,2,7,"2015-03-29",NULL
28,"Yes","Non-Travel",1366,"Research & Development",24,2,"Technical Degree",1,1082,2,"Male",72,2,3,"Healthcare Representative",1,"Single",8722,12355,1,"Y","No",12,3,1,80,0,10,2,2,10,7,1,9,"2015-03-29",NULL
44,"Yes","Travel_Rarely",1376,"Human Resources",1,2,"Medical",1,1098,2,"Male",91,2,3,"Human Resources",1,"Married",10482,2326,9,"Y","No",14,3,4,80,1,24,1,3,20,6,3,6,"2005-03-31",NULL
35,"Yes","Travel_Rarely",1204,"Sales",4,3,"Technical Degree",1,1100,4,"Male",86,3,3,"Sales Executive",1,"Single",9582,10333,0,"Y","Yes",22,4,1,80,0,9,2,3,8,7,4,7,"2017-03-28",NULL
33,"Yes","Travel_Frequently",827,"Research & Development",29,4,"Medical",1,1101,1,"Female",54,2,2,"Research Scientist",3,"Single",4508,3129,1,"Y","No",22,4,2,80,0,14,4,3,13,7,3,8,"2012-03-29",NULL
25,"Yes","Travel_Rarely",1219,"Research & Development",4,1,"Technical Degree",1,1106,4,"Male",32,3,1,"Laboratory Technician",4,"Married",3691,4605,1,"Y","Yes",15,3,2,80,1,7,3,4,7,7,5,6,"2018-03-28",NULL
26,"Yes","Travel_Rarely",1330,"Research & Development",21,3,"Medical",1,1107,1,"Male",37,3,1,"Laboratory Technician",3,"Divorced",2377,19373,1,"Y","No",20,4,3,80,1,1,0,2,1,1,0,0,"2024-03-26",NULL
33,"Yes","Travel_Rarely",1017,"Research & Development",25,3,"Medical",1,1108,1,"Male",55,2,1,"Research Scientist",2,"Single",2313,2993,4,"Y","Yes",20,4,2,80,0,5,0,3,2,2,2,2,"2023-03-27",NULL
28,"Yes","Travel_Frequently",1009,"Research & Development",1,3,"Medical",1,1111,1,"Male",45,2,1,"Laboratory Technician",2,"Divorced",2596,7160,1,"Y","No",15,3,1,80,2,1,2,3,1,0,0,0,"2024-03-26",NULL
50,"Yes","Travel_Frequently",959,"Sales",1,4,"Other",1,1113,4,"Male",81,3,2,"Sales Executive",3,"Single",4728,17251,3,"Y","Yes",14,3,4,80,0,5,4,3,0,0,0,0,"2025-03-26",NULL
39,"Yes","Travel_Frequently",203,"Research & Development",2,3,"Life Sciences",1,1127,1,"Male",84,3,4,"Healthcare Representative",4,"Divorced",12169,13547,7,"Y","No",11,3,4,80,3,21,4,3,18,7,11,5,"2007-03-31",NULL
18,"Yes","Non-Travel",247,"Research & Development",8,1,"Medical",1,1156,3,"Male",80,3,1,"Laboratory Technician",3,"Single",1904,13556,1,"Y","No",12,3,4,80,0,0,0,3,0,0,0,0,"2025-03-26",NULL
33,"Yes","Travel_Rarely",603,"Sales",9,4,"Marketing",1,1157,1,"Female",77,3,2,"Sales Executive",1,"Single",8224,18385,0,"Y","Yes",17,3,1,80,0,6,3,3,5,2,0,3,"2020-03-27",NULL
31,"Yes","Travel_Frequently",874,"Research & Development",15,3,"Medical",1,1160,3,"Male",72,3,1,"Laboratory Technician",3,"Married",2610,6233,1,"Y","No",12,3,3,80,1,2,5,2,2,2,2,2,"2023-03-27",NULL
29,"Yes","Travel_Rarely",408,"Sales",23,1,"Life Sciences",1,1165,4,"Female",45,2,3,"Sales Executive",1,"Married",7336,11162,1,"Y","No",13,3,1,80,1,11,3,1,11,8,3,10,"2014-03-29",NULL
42,"Yes","Travel_Frequently",481,"Sales",12,3,"Life Sciences",1,1167,3,"Male",44,3,4,"Sales Executive",1,"Single",13758,2447,0,"Y","Yes",12,3,2,80,0,22,2,2,21,9,13,14,"2004-03-31",NULL
28,"Yes","Travel_Rarely",1485,"Research & Development",12,1,"Life Sciences",1,1175,3,"Female",79,3,1,"Laboratory Technician",4,"Married",2515,22955,1,"Y","Yes",11,3,4,80,0,1,4,2,1,1,0,0,"2024-03-26",NULL
43,"Yes","Travel_Rarely",1372,"Sales",9,3,"Marketing",1,1188,1,"Female",85,1,2,"Sales Executive",3,"Single",5346,9489,8,"Y","No",13,3,2,80,0,7,2,2,4,3,1,3,"2021-03-27",NULL
44,"Yes","Travel_Rarely",1097,"Research & Development",10,4,"Life Sciences",1,1200,3,"Male",96,3,1,"Research Scientist",3,"Single",2936,10826,1,"Y","Yes",11,3,3,80,0,6,4,3,6,4,0,2,"2019-03-28",NULL
22,"Yes","Travel_Frequently",1256,"Research & Development",3,4,"Life Sciences",1,1203,3,"Male",48,2,1,"Research Scientist",4,"Married",2853,4223,0,"Y","Yes",11,3,2,80,1,1,5,3,0,0,0,0,"2025-03-26",NULL
41,"Yes","Non-Travel",906,"Research & Development",5,2,"Life Sciences",1,1210,1,"Male",95,2,1,"Research Scientist",1,"Divorced",2107,20293,6,"Y","No",17,3,1,80,1,5,2,1,1,0,0,0,"2024-03-26",NULL
24,"Yes","Travel_Rarely",984,"Research & Development",17,2,"Life Sciences",1,1219,4,"Female",97,3,1,"Laboratory Technician",2,"Married",2210,3372,1,"Y","No",13,3,1,80,1,1,3,1,1,0,0,0,"2024-03-26",NULL
19,"Yes","Non-Travel",504,"Research & Development",10,3,"Medical",1,1248,1,"Female",96,2,1,"Research Scientist",2,"Single",1859,6148,1,"Y","Yes",25,4,2,80,0,1,2,4,1,1,0,0,"2024-03-26",NULL
25,"Yes","Travel_Frequently",599,"Sales",24,1,"Life Sciences",1,1273,3,"Male",73,1,1,"Sales Representative",4,"Single",1118,8040,1,"Y","Yes",14,3,4,80,0,1,4,3,1,0,1,0,"2024-03-26",NULL
45,"Yes","Travel_Rarely",1449,"Sales",2,3,"Marketing",1,1277,1,"Female",94,1,5,"Manager",2,"Single",18824,2493,2,"Y","Yes",16,3,1,80,0,26,2,3,24,10,1,11,"2001-04-01",NULL
21,"Yes","Travel_Frequently",251,"Research & Development",10,2,"Life Sciences",1,1279,1,"Female",45,2,1,"Laboratory Technician",3,"Single",2625,25308,1,"Y","No",20,4,3,80,0,2,2,1,2,2,2,2,"2023-03-27",NULL
44,"Yes","Travel_Rarely",621,"Research & Development",15,3,"Medical",1,1295,1,"Female",73,3,3,"Healthcare Representative",4,"Married",7978,14075,1,"Y","No",11,3,4,80,1,10,2,3,10,7,0,5,"2015-03-29",NULL
29,"Yes","Travel_Rarely",806,"Research & Development",7,3,"Technical Degree",1,1299,2,"Female",39,3,1,"Laboratory Technician",3,"Divorced",3339,17285,3,"Y","Yes",13,3,1,80,2,10,2,3,7,7,7,7,"2018-03-28",NULL
32,"Yes","Travel_Rarely",1089,"Research & Development",7,2,"Life Sciences",1,1309,4,"Male",79,3,2,"Laboratory Technician",3,"Married",4883,22845,1,"Y","No",18,3,1,80,1,10,3,3,10,4,1,1,"2015-03-29",NULL
39,"Yes","Travel_Rarely",360,"Research & Development",23,3,"Medical",1,1310,3,"Male",93,3,1,"Research Scientist",1,"Single",3904,22154,0,"Y","No",13,3,1,80,0,6,2,3,5,2,0,3,"2020-03-27",NULL
40,"Yes","Travel_Rarely",299,"Sales",25,4,"Marketing",1,1318,4,"Male",57,2,3,"Sales Executive",2,"Single",9094,17235,2,"Y","Yes",12,3,3,80,0,9,2,3,5,4,1,0,"2020-03-27",NULL
52,"Yes","Travel_Rarely",1030,"Sales",5,3,"Life Sciences",1,1319,2,"Male",64,3,3,"Sales Executive",2,"Single",8446,21534,9,"Y","Yes",19,3,3,80,0,10,2,2,8,7,7,7,"2017-03-28",NULL
31,"Yes","Travel_Frequently",1060,"Sales",1,3,"Life Sciences",1,1331,4,"Female",54,3,1,"Sales Representative",2,"Single",2302,8319,1,"Y","Yes",11,3,1,80,0,3,2,4,3,2,2,2,"2022-03-27",NULL
44,"Yes","Travel_Rarely",935,"Research & Development",3,3,"Life Sciences",1,1333,1,"Male",89,3,1,"Laboratory Technician",1,"Married",2362,14669,4,"Y","No",12,3,3,80,0,10,4,4,3,2,1,2,"2022-03-27",NULL
58,"Yes","Travel_Rarely",601,"Research & Development",7,4,"Medical",1,1360,3,"Female",53,2,3,"Manufacturing Director",1,"Married",10008,12023,7,"Y","Yes",14,3,4,80,0,31,0,2,10,9,5,9,"2015-03-29",NULL
55,"Yes","Travel_Rarely",267,"Sales",13,4,"Marketing",1,1372,1,"Male",85,4,4,"Sales Executive",3,"Single",13695,9277,6,"Y","Yes",17,3,3,80,0,24,2,2,19,7,3,8,"2006-03-31",NULL
31,"Yes","Travel_Frequently",703,"Sales",2,3,"Life Sciences",1,1379,3,"Female",90,2,1,"Sales Representative",4,"Single",2785,11882,7,"Y","No",14,3,3,80,0,3,3,4,1,0,0,0,"2024-03-26",NULL
35,"Yes","Travel_Frequently",662,"Sales",18,4,"Marketing",1,1380,4,"Female",67,3,2,"Sales Executive",3,"Married",4614,23288,0,"Y","Yes",18,3,3,80,1,5,0,2,4,2,3,2,"2021-03-27",NULL
31,"Yes","Travel_Rarely",330,"Research & Development",22,4,"Medical",1,1389,4,"Male",98,3,2,"Manufacturing Director",3,"Married",6179,21057,1,"Y","Yes",15,3,4,80,2,10,3,2,10,2,6,7,"2015-03-29",NULL
27,"Yes","Travel_Rarely",135,"Research & Development",17,4,"Life Sciences",1,1405,4,"Female",51,3,1,"Research Scientist",3,"Single",2394,25681,1,"Y","Yes",13,3,4,80,0,8,2,3,8,2,7,7,"2017-03-28",NULL
49,"Yes","Travel_Frequently",1475,"Research & Development",28,2,"Life Sciences",1,1420,1,"Male",97,2,2,"Laboratory Technician",1,"Single",4284,22710,3,"Y","No",20,4,1,80,0,20,2,3,4,3,1,3,"2021-03-27",NULL
29,"Yes","Travel_Frequently",337,"Research & Development",14,1,"Other",1,1421,3,"Female",84,3,3,"Healthcare Representative",4,"Single",7553,22930,0,"Y","Yes",12,3,1,80,0,9,1,3,8,7,7,7,"2017-03-28",NULL
31,"Yes","Travel_Frequently",667,"Sales",1,4,"Life Sciences",1,1427,2,"Female",50,1,1,"Sales Representative",3,"Single",1359,16154,1,"Y","No",12,3,2,80,0,1,3,3,1,0,0,0,"2024-03-26",NULL
31,"Yes","Travel_Rarely",202,"Research & Development",8,3,"Life Sciences",1,1433,1,"Female",34,2,1,"Research Scientist",2,"Single",1261,22262,1,"Y","No",12,3,3,80,0,1,3,4,1,0,0,0,"2024-03-26",NULL
25,"Yes","Travel_Rarely",383,"Sales",9,2,"Life Sciences",1,1439,1,"Male",68,2,1,"Sales Representative",1,"Married",4400,15182,3,"Y","No",12,3,1,80,0,6,2,3,3,2,2,2,"2022-03-27",NULL
46,"Yes","Travel_Rarely",377,"Sales",9,3,"Marketing",1,1457,1,"Male",52,3,3,"Sales Executive",4,"Divorced",10096,15986,4,"Y","No",11,3,1,80,1,28,1,4,7,7,4,3,"2018-03-28",NULL
39,"Yes","Non-Travel",592,"Research & Development",2,3,"Life Sciences",1,1458,1,"Female",54,2,1,"Laboratory Technician",1,"Single",3646,17181,2,"Y","Yes",23,4,2,80,0,11,2,4,1,0,0,0,"2024-03-26",NULL
31,"Yes","Travel_Frequently",1445,"Research & Development",1,5,"Life Sciences",1,1459,3,"Female",100,4,3,"Manufacturing Director",2,"Single",7446,8931,1,"Y","No",11,3,1,80,0,10,2,3,10,8,4,7,"2015-03-29",NULL
31,"Yes","Travel_Frequently",523,"Research & Development",2,3,"Life Sciences",1,1464,2,"Male",94,3,1,"Laboratory Technician",4,"Married",3722,21081,6,"Y","Yes",13,3,3,80,1,7,2,1,2,2,2,2,"2023-03-27",NULL
34,"Yes","Travel_Rarely",1107,"Human Resources",9,4,"Technical Degree",1,1467,1,"Female",52,3,1,"Human Resources",3,"Married",2742,3072,1,"Y","No",15,3,4,80,0,2,0,3,2,2,2,2,"2023-03-27",NULL
28,"Yes","Travel_Frequently",1496,"Sales",1,3,"Technical Degree",1,1486,1,"Male",92,3,1,"Sales Representative",3,"Married",2909,15747,3,"Y","No",15,3,4,80,1,5,3,4,3,2,1,2,"2022-03-27",NULL
29,"Yes","Travel_Frequently",115,"Sales",13,3,"Technical Degree",1,1487,1,"Female",51,3,2,"Sales Executive",2,"Single",5765,17485,5,"Y","No",11,3,1,80,0,7,4,1,5,3,0,0,"2020-03-27",NULL
34,"Yes","Travel_Rarely",790,"Sales",24,4,"Medical",1,1489,1,"Female",40,2,2,"Sales Executive",2,"Single",4599,7815,0,"Y","Yes",23,4,3,80,0,16,2,4,15,9,10,10,"2010-03-30",NULL
24,"Yes","Travel_Frequently",381,"Research & Development",9,3,"Medical",1,1494,2,"Male",89,3,1,"Laboratory Technician",1,"Single",3172,16998,2,"Y","Yes",11,3,3,80,0,4,2,2,0,0,0,0,"2025-03-26",NULL
28,"Yes","Travel_Frequently",289,"Research & Development",2,2,"Medical",1,1504,3,"Male",38,2,1,"Laboratory Technician",1,"Single",2561,5355,7,"Y","No",11,3,3,80,0,8,2,2,0,0,0,0,"2025-03-26",NULL
29,"Yes","Travel_Rarely",224,"Research & Development",1,4,"Technical Degree",1,1522,1,"Male",100,2,1,"Research Scientist",1,"Single",2362,7568,6,"Y","No",13,3,3,80,0,11,2,1,9,7,0,7,"2016-03-28",NULL
40,"Yes","Travel_Rarely",676,"Research & Development",9,4,"Life Sciences",1,1534,4,"Male",86,3,1,"Laboratory Technician",1,"Single",2018,21831,3,"Y","No",14,3,2,80,0,15,3,1,5,4,1,0,"2020-03-27",NULL
31,"Yes","Travel_Frequently",561,"Research & Development",3,3,"Life Sciences",1,1537,4,"Female",33,3,1,"Research Scientist",3,"Single",4084,4156,1,"Y","No",12,3,1,80,0,7,2,1,7,2,7,7,"2018-03-28",NULL
30,"Yes","Travel_Rarely",740,"Sales",1,3,"Life Sciences",1,1562,2,"Male",64,2,2,"Sales Executive",1,"Married",9714,5323,1,"Y","No",11,3,4,80,1,10,4,3,10,8,6,7,"2015-03-29",NULL
35,"Yes","Travel_Rarely",104,"Research & Development",2,3,"Life Sciences",1,1569,1,"Female",69,3,1,"Laboratory Technician",1,"Divorced",2074,26619,1,"Y","Yes",12,3,4,80,1,1,2,3,1,0,0,0,"2024-03-26",NULL
53,"Yes","Travel_Rarely",607,"Research & Development",2,5,"Technical Degree",1,1572,3,"Female",78,2,3,"Manufacturing Director",4,"Married",10169,14618,0,"Y","No",16,3,2,80,1,34,4,3,33,7,1,9,"1992-04-03",NULL
38,"Yes","Travel_Rarely",903,"Research & Development",2,3,"Medical",1,1573,3,"Male",81,3,2,"Manufacturing Director",2,"Married",4855,7653,4,"Y","No",11,3,1,80,2,7,2,3,5,2,1,4,"2020-03-27",NULL
28,"Yes","Travel_Rarely",329,"Research & Development",24,3,"Medical",1,1604,3,"Male",51,3,1,"Laboratory Technician",2,"Married",2408,7324,1,"Y","Yes",17,3,3,80,3,1,3,3,1,1,0,0,"2024-03-26",NULL
18,"Yes","Travel_Frequently",544,"Sales",3,2,"Medical",1,1624,2,"Female",70,3,1,"Sales Representative",4,"Single",1569,18420,1,"Y","Yes",12,3,3,80,0,0,2,4,0,0,0,0,"2025-03-26",NULL
35,"Yes","Travel_Rarely",763,"Sales",15,2,"Medical",1,1645,1,"Male",59,1,2,"Sales Executive",4,"Divorced",5440,22098,6,"Y","Yes",14,3,4,80,2,7,2,2,2,2,2,2,"2023-03-27",NULL
40,"Yes","Travel_Rarely",1329,"Research & Development",7,3,"Life Sciences",1,1649,1,"Male",73,3,1,"Laboratory Technician",1,"Single",2166,3339,3,"Y","Yes",14,3,2,80,0,10,3,1,4,2,0,3,"2021-03-27",NULL
35,"Yes","Travel_Frequently",880,"Sales",12,4,"Other",1,1667,4,"Male",36,3,2,"Sales Executive",4,"Single",4581,10414,3,"Y","Yes",24,4,1,80,0,13,2,4,11,9,6,7,"2014-03-29",NULL
23,"Yes","Travel_Rarely",1320,"Research & Development",8,1,"Medical",1,1684,4,"Male",93,2,1,"Laboratory Technician",3,"Single",3989,20586,1,"Y","Yes",11,3,1,80,0,5,2,3,5,4,1,2,"2020-03-27",NULL
48,"Yes","Travel_Frequently",708,"Sales",7,2,"Medical",1,1691,4,"Female",95,3,1,"Sales Representative",3,"Married",2655,11740,2,"Y","Yes",11,3,3,80,2,19,3,3,9,7,7,7,"2016-03-28",NULL
32,"Yes","Travel_Rarely",1259,"Research & Development",2,4,"Life Sciences",1,1692,4,"Male",95,3,1,"Laboratory Technician",2,"Single",1393,24852,1,"Y","No",12,3,1,80,0,1,2,3,1,0,0,0,"2024-03-26",NULL
23,"Yes","Travel_Rarely",427,"Sales",7,3,"Life Sciences",1,1702,3,"Male",99,3,1,"Sales Representative",4,"Divorced",2275,25103,1,"Y","Yes",21,4,2,80,1,3,2,3,3,2,0,2,"2022-03-27",NULL
24,"Yes","Travel_Rarely",240,"Human Resources",22,1,"Human Resources",1,1714,4,"Male",58,1,1,"Human Resources",3,"Married",1555,11585,1,"Y","No",11,3,3,80,1,1,2,3,1,0,0,0,"2024-03-26",NULL
47,"Yes","Travel_Frequently",1093,"Sales",9,3,"Life Sciences",1,1716,3,"Male",82,1,4,"Sales Executive",3,"Married",12936,24164,7,"Y","No",11,3,3,80,0,25,3,1,23,5,14,10,"2002-04-01",NULL
36,"Yes","Travel_Rarely",1456,"Sales",13,5,"Marketing",1,1733,2,"Male",96,2,2,"Sales Executive",1,"Divorced",6134,8658,5,"Y","Yes",13,3,2,80,3,16,3,3,2,2,2,2,"2023-03-27",NULL
32,"Yes","Travel_Rarely",964,"Sales",1,2,"Life Sciences",1,1734,1,"Male",34,1,2,"Sales Executive",2,"Single",6735,12147,6,"Y","No",15,3,2,80,0,10,2,3,0,0,0,0,"2025-03-26",NULL
30,"Yes","Travel_Frequently",600,"Human Resources",8,3,"Human Resources",1,1747,3,"Female",66,2,1,"Human Resources",4,"Divorced",2180,9732,6,"Y","No",11,3,3,80,1,6,0,2,4,2,1,2,"2021-03-27",NULL
29,"Yes","Travel_Rarely",428,"Sales",9,3,"Marketing",1,1752,2,"Female",52,1,1,"Sales Representative",2,"Single",2760,14630,1,"Y","No",13,3,3,80,0,2,3,3,2,2,2,2,"2023-03-27",NULL
33,"Yes","Travel_Rarely",211,"Sales",16,3,"Life Sciences",1,1758,1,"Female",74,3,3,"Sales Executive",1,"Single",8564,10092,2,"Y","Yes",20,4,3,80,0,11,2,2,0,0,0,0,"2025-03-26",NULL
31,"Yes","Travel_Rarely",1079,"Sales",16,4,"Marketing",1,1761,1,"Male",70,3,3,"Sales Executive",3,"Married",8161,19002,2,"Y","No",13,3,1,80,3,10,2,3,1,0,0,0,"2024-03-26",NULL
43,"Yes","Travel_Frequently",807,"Research & Development",17,3,"Technical Degree",1,1767,3,"Male",38,2,1,"Research Scientist",3,"Married",2437,15587,9,"Y","Yes",16,3,4,80,1,6,4,3,1,0,0,0,"2024-03-26",NULL
21,"Yes","Travel_Rarely",337,"Sales",7,1,"Marketing",1,1780,2,"Male",31,3,1,"Sales Representative",2,"Single",2679,4567,1,"Y","No",13,3,2,80,0,1,3,3,1,0,1,0,"2024-03-26",NULL
22,"Yes","Travel_Rarely",1294,"Research & Development",8,1,"Medical",1,1783,3,"Female",79,3,1,"Laboratory Technician",1,"Married",2398,15999,1,"Y","Yes",17,3,3,80,0,1,6,3,1,0,0,0,"2024-03-26",NULL
44,"Yes","Travel_Frequently",429,"Research & Development",1,2,"Medical",1,1792,3,"Male",99,3,1,"Research Scientist",2,"Divorced",2342,11092,1,"Y","Yes",12,3,3,80,3,6,2,2,5,3,2,3,"2020-03-27",NULL
35,"Yes","Travel_Rarely",303,"Sales",27,3,"Life Sciences",1,1797,3,"Male",84,3,2,"Sales Executive",4,"Single",5813,13492,1,"Y","Yes",18,3,4,80,0,10,2,3,10,7,7,7,"2015-03-29",NULL
34,"Yes","Travel_Frequently",234,"Research & Development",9,4,"Life Sciences",1,1807,4,"Male",93,3,2,"Laboratory Technician",1,"Married",5346,6208,4,"Y","No",17,3,3,80,1,11,3,2,7,1,0,7,"2018-03-28",NULL
37,"Yes","Travel_Rarely",370,"Research & Development",10,4,"Medical",1,1809,4,"Male",58,3,2,"Manufacturing Director",1,"Single",4213,4992,1,"Y","No",15,3,2,80,0,10,4,1,10,3,0,8,"2015-03-29",NULL
26,"Yes","Travel_Rarely",920,"Human Resources",20,2,"Medical",1,1818,4,"Female",69,3,1,"Human Resources",2,"Married",2148,6889,0,"Y","Yes",11,3,3,80,0,6,3,3,5,1,1,4,"2020-03-27",NULL
46,"Yes","Travel_Rarely",261,"Research & Development",21,2,"Medical",1,1821,4,"Female",66,3,2,"Healthcare Representative",2,"Married",8926,10842,4,"Y","No",22,4,4,80,1,13,2,4,9,7,3,7,"2016-03-28",NULL
31,"Yes","Travel_Rarely",359,"Human Resources",18,5,"Human Resources",1,1842,4,"Male",89,4,1,"Human Resources",1,"Married",2956,21495,0,"Y","No",17,3,3,80,0,2,4,3,1,0,0,0,"2024-03-26",NULL
29,"Yes","Travel_Rarely",350,"Human Resources",13,3,"Human Resources",1,1844,1,"Male",56,2,1,"Human Resources",1,"Divorced",2335,3157,4,"Y","Yes",15,3,4,80,3,4,3,3,2,2,2,0,"2023-03-27",NULL
32,"Yes","Travel_Rarely",414,"Sales",2,4,"Marketing",1,1862,3,"Male",82,2,2,"Sales Executive",2,"Single",9907,26186,7,"Y","Yes",12,3,3,80,0,7,3,2,2,2,2,2,"2023-03-27",NULL
29,"Yes","Travel_Frequently",459,"Research & Development",24,2,"Life Sciences",1,1868,4,"Male",73,2,1,"Research Scientist",4,"Single",2439,14753,1,"Y","Yes",24,4,2,80,0,1,3,2,1,0,1,0,"2024-03-26",NULL
46,"Yes","Travel_Rarely",1254,"Sales",10,3,"Life Sciences",1,1869,3,"Female",64,3,3,"Sales Executive",2,"Married",7314,14011,5,"Y","No",21,4,3,80,3,14,2,3,8,7,0,7,"2017-03-28",NULL
30,"Yes","Travel_Rarely",945,"Sales",9,3,"Medical",1,1876,2,"Male",89,3,1,"Sales Representative",4,"Single",1081,16019,1,"Y","No",13,3,3,80,0,1,3,2,1,0,0,0,"2024-03-26",NULL
22,"Yes","Travel_Rarely",391,"Research & Development",7,1,"Life Sciences",1,1878,4,"Male",75,3,1,"Research Scientist",2,"Single",2472,26092,1,"Y","Yes",23,4,1,80,0,1,2,3,1,0,0,0,"2024-03-26",NULL
34,"Yes","Non-Travel",967,"Research & Development",16,4,"Technical Degree",1,1905,4,"Male",85,1,1,"Research Scientist",1,"Married",2307,14460,1,"Y","Yes",23,4,2,80,1,5,2,3,5,2,3,0,"2020-03-27",NULL
56,"Yes","Travel_Rarely",1162,"Research & Development",24,2,"Life Sciences",1,1907,1,"Male",97,3,1,"Laboratory Technician",4,"Single",2587,10261,1,"Y","No",16,3,4,80,0,5,3,3,4,2,1,0,"2021-03-27",NULL
29,"Yes","Travel_Frequently",746,"Sales",24,3,"Technical Degree",1,1928,3,"Male",45,4,1,"Sales Representative",1,"Single",1091,10642,1,"Y","No",17,3,4,80,0,1,3,3,1,0,0,0,"2024-03-26",NULL
28,"Yes","Travel_Rarely",1475,"Sales",13,2,"Marketing",1,1933,4,"Female",84,3,2,"Sales Executive",3,"Single",9854,23352,3,"Y","Yes",11,3,4,80,0,6,0,3,2,0,2,2,"2023-03-27",NULL
32,"Yes","Travel_Frequently",238,"Research & Development",5,2,"Life Sciences",1,1939,1,"Female",47,4,1,"Research Scientist",3,"Single",2432,15318,3,"Y","Yes",14,3,1,80,0,8,2,3,4,1,0,3,"2021-03-27",NULL
27,"Yes","Travel_Frequently",1337,"Human Resources",22,3,"Human Resources",1,1944,1,"Female",58,2,1,"Human Resources",2,"Married",2863,19555,1,"Y","No",12,3,1,80,0,1,2,3,1,0,0,0,"2024-03-26",NULL
28,"Yes","Travel_Rarely",1404,"Research & Development",17,3,"Technical Degree",1,1960,3,"Male",32,2,1,"Laboratory Technician",4,"Divorced",2367,18779,5,"Y","No",12,3,1,80,1,6,2,2,4,1,0,3,"2021-03-27",NULL
31,"Yes","Travel_Frequently",754,"Sales",26,4,"Marketing",1,1967,1,"Male",63,3,2,"Sales Executive",4,"Married",5617,21075,1,"Y","Yes",11,3,3,80,0,10,4,3,10,7,0,8,"2015-03-29",NULL
53,"Yes","Travel_Rarely",1168,"Sales",24,4,"Life Sciences",1,1968,1,"Male",66,3,3,"Sales Executive",1,"Single",10448,5843,6,"Y","Yes",13,3,2,80,0,15,2,2,2,2,2,2,"2023-03-27",NULL
23,"Yes","Travel_Frequently",638,"Sales",9,3,"Marketing",1,2023,4,"Male",33,3,1,"Sales Representative",1,"Married",1790,26956,1,"Y","No",19,3,1,80,1,1,3,2,1,0,1,0,"2024-03-26",NULL
29,"Yes","Travel_Rarely",1092,"Research & Development",1,4,"Medical",1,2027,1,"Male",36,3,1,"Research Scientist",4,"Married",4787,26124,9,"Y","Yes",14,3,2,80,3,4,3,4,2,2,2,2,"2023-03-27",NULL
56,"Yes","Travel_Rarely",310,"Research & Development",7,2,"Technical Degree",1,2032,4,"Male",72,3,1,"Laboratory Technician",3,"Married",2339,3666,8,"Y","No",11,3,4,80,1,14,4,1,10,9,9,8,"2015-03-29",NULL
50,"Yes","Travel_Frequently",878,"Sales",1,4,"Life Sciences",1,2044,2,"Male",94,3,2,"Sales Executive",3,"Divorced",6728,14255,7,"Y","No",12,3,4,80,2,12,3,3,6,3,0,1,"2019-03-28",NULL
50,"Yes","Travel_Rarely",410,"Sales",28,3,"Marketing",1,2055,4,"Male",39,2,3,"Sales Executive",1,"Divorced",10854,16586,4,"Y","Yes",13,3,2,80,1,20,3,3,3,2,2,0,"2022-03-27",NULL
