"employeenumber","age","department"
1,41,"Sales"
23,53,"Sales"
27,36,"Sales"
35,42,"Sales"
38,46,"Sales"
42,39,"Sales"
47,50,"Sales"
49,35,"Sales"
52,33,"Sales"
56,27,"Sales"
60,34,"Sales"
62,46,"Sales"
68,44,"Sales"
72,26,"Sales"
74,35,"Sales"
81,59,"Sales"
91,59,"Sales"
100,35,"Sales"
106,55,"Sales"
113,23,"Sales"
118,46,"Sales"
120,51,"Sales"
121,30,"Sales"
125,32,"Sales"
128,24,"Sales"
129,28,"Sales"
131,58,"Sales"
142,25,"Sales"
152,37,"Sales"
154,36,"Sales"
158,43,"Sales"
160,33,"Sales"
163,31,"Sales"
167,19,"Sales"
174,50,"Sales"
175,31,"Sales"
176,41,"Sales"
182,39,"Sales"
183,25,"Sales"
195,32,"Sales"
204,35,"Sales"
205,53,"Sales"
207,32,"Sales"
215,40,"Sales"
216,34,"Sales"
228,30,"Sales"
230,38,"Sales"
235,19,"Sales"
240,45,"Sales"
244,46,"Sales"
248,41,"Sales"
283,29,"Sales"
291,32,"Sales"
293,27,"Sales"
298,41,"Sales"
299,30,"Sales"
302,45,"Sales"
303,54,"Sales"
307,38,"Sales"
311,37,"Sales"
312,29,"Sales"
314,35,"Sales"
323,50,"Sales"
327,43,"Sales"
329,52,"Sales"
330,32,"Sales"
333,32,"Sales"
349,29,"Sales"
361,38,"Sales"
363,46,"Sales"
366,29,"Sales"
378,37,"Sales"
382,38,"Sales"
387,42,"Sales"
388,29,"Sales"
399,31,"Sales"
401,26,"Sales"
404,42,"Sales"
406,35,"Sales"
410,41,"Sales"
411,18,"Sales"
416,31,"Sales"
420,32,"Sales"
436,32,"Sales"
437,27,"Sales"
438,31,"Sales"
445,39,"Sales"
446,33,"Sales"
449,27,"Sales"
453,40,"Sales"
456,30,"Sales"
458,27,"Sales"
463,29,"Sales"
467,47,"Sales"
469,29,"Sales"
473,48,"Sales"
475,30,"Sales"
476,26,"Sales"
478,21,"Sales"
479,36,"Sales"
481,36,"Sales"
484,21,"Sales"
485,33,"Sales"
488,41,"Sales"
492,40,"Sales"
494,21,"Sales"
498,28,"Sales"
500,51,"Sales"
502,34,"Sales"
507,24,"Sales"
508,30,"Sales"
513,36,"Sales"
516,40,"Sales"
523,34,"Sales"
527,25,"Sales"
532,56,"Sales"
533,30,"Sales"
534,41,"Sales"
554,24,"Sales"
555,34,"Sales"
558,40,"Sales"
567,30,"Sales"
568,57,"Sales"
573,60,"Sales"
580,46,"Sales"
585,30,"Sales"
592,36,"Sales"
595,48,"Sales"
597,55,"Sales"
599,41,"Sales"
600,35,"Sales"
604,31,"Sales"
606,45,"Sales"
613,31,"Sales"
614,18,"Sales"
615,40,"Sales"
618,26,"Sales"
620,35,"Sales"
621,34,"Sales"
625,41,"Sales"
626,37,"Sales"
631,32,"Sales"
632,24,"Sales"
641,26,"Sales"
645,25,"Sales"
648,30,"Sales"
650,31,"Sales"
653,31,"Sales"
656,37,"Sales"
666,34,"Sales"
667,27,"Sales"
669,21,"Sales"
677,33,"Sales"
682,53,"Sales"
684,45,"Sales"
690,29,"Sales"
707,25,"Sales"
709,38,"Sales"
712,48,"Sales"
714,27,"Sales"
720,24,"Sales"
722,32,"Sales"
723,50,"Sales"
728,47,"Sales"
729,40,"Sales"
732,60,"Sales"
738,50,"Sales"
746,47,"Sales"
747,30,"Sales"
749,29,"Sales"
754,43,"Sales"
766,29,"Sales"
776,52,"Sales"
781,25,"Sales"
783,45,"Sales"
785,47,"Sales"
786,34,"Sales"
789,36,"Sales"
796,26,"Sales"
800,27,"Sales"
805,35,"Sales"
808,34,"Sales"
819,33,"Sales"
840,49,"Sales"
842,55,"Sales"
846,28,"Sales"
851,51,"Sales"
855,33,"Sales"
857,36,"Sales"
859,32,"Sales"
862,53,"Sales"
864,45,"Sales"
868,37,"Sales"
879,25,"Sales"
885,25,"Sales"
889,32,"Sales"
893,38,"Sales"
896,29,"Sales"
897,53,"Sales"
900,37,"Sales"
903,47,"Sales"
904,37,"Sales"
916,28,"Sales"
922,20,"Sales"
925,47,"Sales"
936,42,"Sales"
941,31,"Sales"
947,31,"Sales"
952,25,"Sales"
954,40,"Sales"
956,26,"Sales"
959,19,"Sales"
967,36,"Sales"
970,37,"Sales"
974,29,"Sales"
975,35,"Sales"
981,53,"Sales"
982,30,"Sales"
983,38,"Sales"
984,35,"Sales"
985,39,"Sales"
986,40,"Sales"
990,36,"Sales"
992,33,"Sales"
1003,47,"Sales"
1029,42,"Sales"
1036,38,"Sales"
1037,26,"Sales"
1038,52,"Sales"
1039,44,"Sales"
1040,50,"Sales"
1044,33,"Sales"
1045,45,"Sales"
1047,34,"Sales"
1048,59,"Sales"
1050,53,"Sales"
1055,34,"Sales"
1056,28,"Sales"
1066,40,"Sales"
1070,54,"Sales"
1076,43,"Sales"
1077,20,"Sales"
1100,35,"Sales"
1105,37,"Sales"
1113,50,"Sales"
1114,33,"Sales"
1117,45,"Sales"
1119,38,"Sales"
1124,46,"Sales"
1125,38,"Sales"
1135,31,"Sales"
1137,35,"Sales"
1138,49,"Sales"
1157,33,"Sales"
1163,34,"Sales"
1165,29,"Sales"
1167,42,"Sales"
1171,42,"Sales"
1179,30,"Sales"
1188,43,"Sales"
1190,32,"Sales"
1204,46,"Sales"
1211,30,"Sales"
1212,40,"Sales"
1218,35,"Sales"
1220,33,"Sales"
1226,20,"Sales"
1233,60,"Sales"
1239,40,"Sales"
1240,25,"Sales"
1243,35,"Sales"
1254,59,"Sales"
1267,44,"Sales"
1268,33,"Sales"
1273,25,"Sales"
1277,45,"Sales"
1280,46,"Sales"
1281,34,"Sales"
1282,51,"Sales"
1293,43,"Sales"
1304,32,"Sales"
1318,40,"Sales"
1319,52,"Sales"
1324,31,"Sales"
1329,41,"Sales"
1331,31,"Sales"
1349,41,"Sales"
1355,38,"Sales"
1356,34,"Sales"
1362,36,"Sales"
1364,27,"Sales"
1371,27,"Sales"
1372,55,"Sales"
1379,31,"Sales"
1380,35,"Sales"
1387,28,"Sales"
1390,39,"Sales"
1391,51,"Sales"
1395,33,"Sales"
1396,32,"Sales"
1399,25,"Sales"
1403,27,"Sales"
1425,36,"Sales"
1427,31,"Sales"
1428,30,"Sales"
1436,36,"Sales"
1439,25,"Sales"
1445,24,"Sales"
1446,32,"Sales"
1453,31,"Sales"
1457,46,"Sales"
1466,48,"Sales"
1469,28,"Sales"
1477,33,"Sales"
1478,34,"Sales"
1479,30,"Sales"
1481,44,"Sales"
1486,28,"Sales"
1487,29,"Sales"
1489,34,"Sales"
1492,35,"Sales"
1495,24,"Sales"
1497,29,"Sales"
1503,47,"Sales"
1507,28,"Sales"
1527,46,"Sales"
1535,34,"Sales"
1541,34,"Sales"
1548,40,"Sales"
1554,35,"Sales"
1556,36,"Sales"
1557,48,"Sales"
1560,33,"Sales"
1562,30,"Sales"
1568,30,"Sales"
1578,55,"Sales"
1582,38,"Sales"
1583,38,"Sales"
1585,36,"Sales"
1588,39,"Sales"
1591,50,"Sales"
1598,40,"Sales"
1602,46,"Sales"
1612,45,"Sales"
1613,31,"Sales"
1624,18,"Sales"
1639,35,"Sales"
1645,35,"Sales"
1650,29,"Sales"
1657,20,"Sales"
1667,35,"Sales"
1669,29,"Sales"
1670,33,"Sales"
1673,31,"Sales"
1676,47,"Sales"
1678,41,"Sales"
1680,20,"Sales"
1681,33,"Sales"
1691,48,"Sales"
1700,37,"Sales"
1702,23,"Sales"
1706,43,"Sales"
1708,41,"Sales"
1710,36,"Sales"
1716,47,"Sales"
1731,47,"Sales"
1732,46,"Sales"
1733,36,"Sales"
1734,32,"Sales"
1739,32,"Sales"
1740,40,"Sales"
1749,31,"Sales"
1752,29,"Sales"
1754,30,"Sales"
1756,33,"Sales"
1757,49,"Sales"
1758,33,"Sales"
1761,31,"Sales"
1774,34,"Sales"
1779,34,"Sales"
1780,21,"Sales"
1784,31,"Sales"
1787,37,"Sales"
1797,35,"Sales"
1801,46,"Sales"
1812,39,"Sales"
1815,41,"Sales"
1823,34,"Sales"
1824,58,"Sales"
1833,31,"Sales"
1835,38,"Sales"
1836,26,"Sales"
1845,45,"Sales"
1849,43,"Sales"
1853,32,"Sales"
1862,32,"Sales"
1863,46,"Sales"
1864,27,"Sales"
1869,46,"Sales"
1875,28,"Sales"
1876,30,"Sales"
1880,36,"Sales"
1882,34,"Sales"
1898,27,"Sales"
1908,36,"Sales"
1909,41,"Sales"
1912,31,"Sales"
1915,34,"Sales"
1924,33,"Sales"
1927,28,"Sales"
1928,29,"Sales"
1929,39,"Sales"
1933,28,"Sales"
1935,56,"Sales"
1938,58,"Sales"
1943,42,"Sales"
1945,35,"Sales"
1950,34,"Sales"
1951,34,"Sales"
1961,38,"Sales"
1962,35,"Sales"
1965,27,"Sales"
1967,31,"Sales"
1968,53,"Sales"
1975,39,"Sales"
1986,40,"Sales"
1995,38,"Sales"
1996,31,"Sales"
2013,32,"Sales"
2016,32,"Sales"
2018,25,"Sales"
2019,52,"Sales"
2021,21,"Sales"
2023,23,"Sales"
2024,36,"Sales"
2035,34,"Sales"
2036,36,"Sales"
2037,41,"Sales"
2041,38,"Sales"
2044,50,"Sales"
2045,36,"Sales"
2046,45,"Sales"
2055,50,"Sales"
2056,39,"Sales"
2060,26,"Sales"
2065,49,"Sales"
