"emp_id","manager_id"
101,100
102,100
103,101
1,NULL
244,NULL
291,NULL
35,NULL
473,NULL
1218,NULL
1639,NULL
2,NULL
4,NULL
5,NULL
7,NULL
8,NULL
10,NULL
11,NULL
12,NULL
13,NULL
14,NULL
15,NULL
16,NULL
18,NULL
19,NULL
20,NULL
21,NULL
22,NULL
23,NULL
24,NULL
26,NULL
27,NULL
28,NULL
30,NULL
31,NULL
32,NULL
33,NULL
36,NULL
38,NULL
39,NULL
40,NULL
41,NULL
42,NULL
45,NULL
46,NULL
47,NULL
49,NULL
51,NULL
52,NULL
53,NULL
54,NULL
55,NULL
56,NULL
57,NULL
58,NULL
60,NULL
61,NULL
62,NULL
63,NULL
64,NULL
65,NULL
68,NULL
70,NULL
72,NULL
73,NULL
74,NULL
75,NULL
76,NULL
77,NULL
78,NULL
79,NULL
80,NULL
81,NULL
83,NULL
84,NULL
85,NULL
86,NULL
88,NULL
90,NULL
91,NULL
94,NULL
95,NULL
96,NULL
97,NULL
98,NULL
100,NULL
104,NULL
105,NULL
106,NULL
107,NULL
110,NULL
112,NULL
113,NULL
116,NULL
117,NULL
118,NULL
119,NULL
120,NULL
121,NULL
124,NULL
125,NULL
126,NULL
128,NULL
129,NULL
131,NULL
132,NULL
133,NULL
134,NULL
137,NULL
138,NULL
139,NULL
140,NULL
141,NULL
142,NULL
143,NULL
144,NULL
145,NULL
147,NULL
148,NULL
150,NULL
151,NULL
152,NULL
153,NULL
154,NULL
155,NULL
158,NULL
159,NULL
160,NULL
161,NULL
162,NULL
163,NULL
164,NULL
165,NULL
167,NULL
169,NULL
170,NULL
171,NULL
174,NULL
175,NULL
176,NULL
177,NULL
178,NULL
179,NULL
182,NULL
183,NULL
184,NULL
190,NULL
192,NULL
193,NULL
194,NULL
195,NULL
197,NULL
198,NULL
199,NULL
200,NULL
201,NULL
202,NULL
204,NULL
205,NULL
206,NULL
207,NULL
208,NULL
211,NULL
214,NULL
215,NULL
216,NULL
217,NULL
218,NULL
221,NULL
223,NULL
224,NULL
226,NULL
227,NULL
228,NULL
230,NULL
231,NULL
233,NULL
235,NULL
238,NULL
239,NULL
240,NULL
241,NULL
242,NULL
243,NULL
245,NULL
246,NULL
247,NULL
248,NULL
249,NULL
250,NULL
252,NULL
253,NULL
254,NULL
256,NULL
258,NULL
259,NULL
260,NULL
261,NULL
262,NULL
264,NULL
267,NULL
269,NULL
270,NULL
271,NULL
273,NULL
274,NULL
275,NULL
277,NULL
281,NULL
282,NULL
283,NULL
284,NULL
286,NULL
287,NULL
288,NULL
292,NULL
293,NULL
296,NULL
297,NULL
298,NULL
299,NULL
300,NULL
302,NULL
303,NULL
304,NULL
305,NULL
306,NULL
307,NULL
308,NULL
309,NULL
311,NULL
312,NULL
314,NULL
315,NULL
316,NULL
319,NULL
321,NULL
323,NULL
325,NULL
327,NULL
328,NULL
329,NULL
330,NULL
331,NULL
332,NULL
333,NULL
334,NULL
335,NULL
336,NULL
337,NULL
338,NULL
339,NULL
340,NULL
341,NULL
342,NULL
343,NULL
346,NULL
347,NULL
349,NULL
350,NULL
351,NULL
352,NULL
353,NULL
355,NULL
359,NULL
361,NULL
362,NULL
363,NULL
364,NULL
366,NULL
367,NULL
369,NULL
372,NULL
373,NULL
374,NULL
376,NULL
377,NULL
378,NULL
379,NULL
380,NULL
381,NULL
382,NULL
384,NULL
385,NULL
386,NULL
387,NULL
388,NULL
389,NULL
390,NULL
391,NULL
392,NULL
393,NULL
394,NULL
395,NULL
396,NULL
397,NULL
399,NULL
401,NULL
403,NULL
404,NULL
405,NULL
406,NULL
407,NULL
408,NULL
410,NULL
411,NULL
412,NULL
416,NULL
417,NULL
419,NULL
420,NULL
421,NULL
422,NULL
423,NULL
424,NULL
425,NULL
426,NULL
428,NULL
429,NULL
430,NULL
431,NULL
433,NULL
434,NULL
436,NULL
437,NULL
438,NULL
439,NULL
440,NULL
441,NULL
442,NULL
444,NULL
445,NULL
446,NULL
447,NULL
448,NULL
449,NULL
450,NULL
451,NULL
452,NULL
453,NULL
454,NULL
455,NULL
456,NULL
458,NULL
460,NULL
461,NULL
462,NULL
463,NULL
464,NULL
465,NULL
466,NULL
467,NULL
468,NULL
469,NULL
470,NULL
471,NULL
474,NULL
475,NULL
476,NULL
477,NULL
478,NULL
479,NULL
481,NULL
482,NULL
483,NULL
484,NULL
485,NULL
486,NULL
487,NULL
488,NULL
491,NULL
492,NULL
493,NULL
494,NULL
495,NULL
496,NULL
497,NULL
498,NULL
499,NULL
500,NULL
501,NULL
502,NULL
505,NULL
507,NULL
508,NULL
510,NULL
511,NULL
513,NULL
514,NULL
515,NULL
516,NULL
517,NULL
518,NULL
520,NULL
521,NULL
522,NULL
523,NULL
524,NULL
525,NULL
526,NULL
527,NULL
529,NULL
530,NULL
531,NULL
532,NULL
533,NULL
534,NULL
536,NULL
538,NULL
543,NULL
544,NULL
546,NULL
547,NULL
548,NULL
549,NULL
550,NULL
551,NULL
554,NULL
555,NULL
556,NULL
558,NULL
560,NULL
562,NULL
564,NULL
565,NULL
566,NULL
567,NULL
568,NULL
569,NULL
571,NULL
573,NULL
574,NULL
575,NULL
577,NULL
578,NULL
579,NULL
580,NULL
581,NULL
582,NULL
584,NULL
585,NULL
586,NULL
587,NULL
590,NULL
591,NULL
592,NULL
593,NULL
595,NULL
597,NULL
599,NULL
600,NULL
601,NULL
602,NULL
604,NULL
605,NULL
606,NULL
608,NULL
611,NULL
612,NULL
613,NULL
614,NULL
615,NULL
616,NULL
618,NULL
620,NULL
621,NULL
622,NULL
623,NULL
624,NULL
625,NULL
626,NULL
630,NULL
631,NULL
632,NULL
634,NULL
635,NULL
638,NULL
639,NULL
641,NULL
643,NULL
644,NULL
645,NULL
647,NULL
648,NULL
649,NULL
650,NULL
652,NULL
653,NULL
655,NULL
656,NULL
657,NULL
659,NULL
661,NULL
662,NULL
663,NULL
664,NULL
665,NULL
666,NULL
667,NULL
669,NULL
671,NULL
675,NULL
677,NULL
679,NULL
680,NULL
682,NULL
683,NULL
684,NULL
686,NULL
689,NULL
690,NULL
691,NULL
897,NULL
692,NULL
698,NULL
699,NULL
700,NULL
701,NULL
702,NULL
704,NULL
705,NULL
707,NULL
709,NULL
710,NULL
712,NULL
714,NULL
715,NULL
716,NULL
717,NULL
720,NULL
721,NULL
722,NULL
723,NULL
724,NULL
725,NULL
727,NULL
728,NULL
729,NULL
730,NULL
731,NULL
732,NULL
733,NULL
734,NULL
738,NULL
741,NULL
742,NULL
743,NULL
744,NULL
746,NULL
747,NULL
749,NULL
752,NULL
754,NULL
757,NULL
758,NULL
760,NULL
762,NULL
763,NULL
764,NULL
766,NULL
769,NULL
771,NULL
772,NULL
773,NULL
775,NULL
776,NULL
780,NULL
781,NULL
783,NULL
784,NULL
785,NULL
786,NULL
787,NULL
789,NULL
791,NULL
792,NULL
793,NULL
796,NULL
797,NULL
799,NULL
800,NULL
802,NULL
803,NULL
804,NULL
805,NULL
806,NULL
807,NULL
808,NULL
809,NULL
811,NULL
812,NULL
813,NULL
815,NULL
816,NULL
817,NULL
819,NULL
820,NULL
823,NULL
824,NULL
825,NULL
826,NULL
827,NULL
828,NULL
829,NULL
830,NULL
832,NULL
833,NULL
834,NULL
836,NULL
837,NULL
838,NULL
840,NULL
842,NULL
843,NULL
844,NULL
845,NULL
846,NULL
847,NULL
848,NULL
850,NULL
851,NULL
852,NULL
854,NULL
855,NULL
856,NULL
857,NULL
859,NULL
861,NULL
862,NULL
864,NULL
865,NULL
867,NULL
868,NULL
869,NULL
872,NULL
874,NULL
875,NULL
878,NULL
879,NULL
880,NULL
881,NULL
882,NULL
885,NULL
887,NULL
888,NULL
889,NULL
893,NULL
894,NULL
895,NULL
896,NULL
899,NULL
900,NULL
901,NULL
902,NULL
903,NULL
904,NULL
905,NULL
909,NULL
910,NULL
911,NULL
912,NULL
913,NULL
916,NULL
918,NULL
920,NULL
922,NULL
923,NULL
924,NULL
925,NULL
926,NULL
927,NULL
930,NULL
932,NULL
933,NULL
934,NULL
936,NULL
939,NULL
940,NULL
941,NULL
942,NULL
944,NULL
945,NULL
947,NULL
949,NULL
950,NULL
951,NULL
952,NULL
954,NULL
956,NULL
957,NULL
958,NULL
959,NULL
960,NULL
961,NULL
964,NULL
966,NULL
967,NULL
969,NULL
970,NULL
972,NULL
974,NULL
975,NULL
976,NULL
977,NULL
981,NULL
982,NULL
983,NULL
984,NULL
985,NULL
986,NULL
987,NULL
990,NULL
991,NULL
992,NULL
994,NULL
995,NULL
996,NULL
997,NULL
998,NULL
999,NULL
1001,NULL
1002,NULL
1003,NULL
1004,NULL
1005,NULL
1006,NULL
1007,NULL
1009,NULL
1010,NULL
1011,NULL
1012,NULL
1013,NULL
1014,NULL
1015,NULL
1016,NULL
1017,NULL
1018,NULL
1019,NULL
1022,NULL
1024,NULL
1025,NULL
1026,NULL
1027,NULL
1028,NULL
1029,NULL
1030,NULL
1032,NULL
1033,NULL
1034,NULL
1035,NULL
1036,NULL
1037,NULL
1038,NULL
1039,NULL
1040,NULL
1042,NULL
1043,NULL
1044,NULL
1045,NULL
1046,NULL
1047,NULL
1048,NULL
1049,NULL
1050,NULL
1052,NULL
1053,NULL
1055,NULL
1056,NULL
1060,NULL
1061,NULL
1062,NULL
1066,NULL
1068,NULL
1069,NULL
1070,NULL
1071,NULL
1073,NULL
1074,NULL
1076,NULL
1077,NULL
1079,NULL
1080,NULL
1081,NULL
1082,NULL
1083,NULL
1084,NULL
1085,NULL
1088,NULL
1092,NULL
1094,NULL
1096,NULL
1097,NULL
1098,NULL
1099,NULL
1100,NULL
1101,NULL
1102,NULL
1103,NULL
1105,NULL
1106,NULL
1107,NULL
1108,NULL
1109,NULL
1111,NULL
1113,NULL
1114,NULL
1115,NULL
1116,NULL
1117,NULL
1118,NULL
1119,NULL
1120,NULL
1121,NULL
1124,NULL
1125,NULL
1126,NULL
1127,NULL
1128,NULL
1131,NULL
1132,NULL
1133,NULL
1135,NULL
1136,NULL
1137,NULL
1138,NULL
1140,NULL
1143,NULL
1148,NULL
1150,NULL
1152,NULL
1154,NULL
1156,NULL
1157,NULL
1158,NULL
1160,NULL
1161,NULL
1162,NULL
1163,NULL
1164,NULL
1165,NULL
1166,NULL
1167,NULL
1171,NULL
1172,NULL
1173,NULL
1175,NULL
1177,NULL
1179,NULL
1180,NULL
1182,NULL
1184,NULL
1185,NULL
1188,NULL
1190,NULL
1191,NULL
1192,NULL
1193,NULL
1195,NULL
1196,NULL
1198,NULL
1200,NULL
1201,NULL
1202,NULL
1203,NULL
1204,NULL
1206,NULL
1207,NULL
1210,NULL
1211,NULL
1212,NULL
1215,NULL
1216,NULL
1217,NULL
1219,NULL
1220,NULL
1221,NULL
1224,NULL
1225,NULL
1226,NULL
1228,NULL
1231,NULL
1233,NULL
1234,NULL
1235,NULL
1237,NULL
1238,NULL
1239,NULL
1240,NULL
1241,NULL
1242,NULL
1243,NULL
1244,NULL
1245,NULL
1246,NULL
1248,NULL
1249,NULL
1250,NULL
1251,NULL
1252,NULL
1254,NULL
1255,NULL
1256,NULL
1257,NULL
1258,NULL
1259,NULL
1260,NULL
1263,NULL
1264,NULL
1265,NULL
1267,NULL
1268,NULL
1269,NULL
1270,NULL
1273,NULL
1275,NULL
1277,NULL
1278,NULL
1279,NULL
1280,NULL
1281,NULL
1282,NULL
1283,NULL
1285,NULL
1286,NULL
1288,NULL
1289,NULL
1291,NULL
1292,NULL
1293,NULL
1294,NULL
1295,NULL
1296,NULL
1297,NULL
1298,NULL
1299,NULL
1301,NULL
1303,NULL
1304,NULL
1306,NULL
1307,NULL
1308,NULL
1309,NULL
1310,NULL
1311,NULL
1312,NULL
1314,NULL
1315,NULL
1317,NULL
1318,NULL
1319,NULL
1321,NULL
1322,NULL
1324,NULL
1329,NULL
1331,NULL
1333,NULL
1334,NULL
1336,NULL
1338,NULL
1340,NULL
1344,NULL
1346,NULL
1349,NULL
1350,NULL
1352,NULL
1355,NULL
1356,NULL
1358,NULL
1360,NULL
1361,NULL
1362,NULL
1363,NULL
1364,NULL
1367,NULL
1368,NULL
1369,NULL
1371,NULL
1372,NULL
1373,NULL
1374,NULL
1375,NULL
1377,NULL
1379,NULL
1380,NULL
1382,NULL
1383,NULL
1387,NULL
1389,NULL
1390,NULL
1391,NULL
1392,NULL
1394,NULL
1395,NULL
1396,NULL
1397,NULL
1399,NULL
1401,NULL
1402,NULL
1403,NULL
1405,NULL
1407,NULL
1408,NULL
1409,NULL
1411,NULL
1412,NULL
1415,NULL
1417,NULL
1419,NULL
1420,NULL
1421,NULL
1422,NULL
1423,NULL
1424,NULL
1425,NULL
1427,NULL
1428,NULL
1430,NULL
1431,NULL
1433,NULL
1434,NULL
1435,NULL
1436,NULL
1438,NULL
1439,NULL
1440,NULL
1441,NULL
1443,NULL
1445,NULL
1446,NULL
1447,NULL
1448,NULL
1449,NULL
1453,NULL
1457,NULL
1458,NULL
1459,NULL
1460,NULL
1461,NULL
1464,NULL
1465,NULL
1466,NULL
1467,NULL
1468,NULL
1469,NULL
1471,NULL
1472,NULL
1473,NULL
1474,NULL
1475,NULL
1477,NULL
1478,NULL
1479,NULL
1480,NULL
1481,NULL
1482,NULL
1483,NULL
1484,NULL
1485,NULL
1486,NULL
1487,NULL
1489,NULL
1492,NULL
1494,NULL
1495,NULL
1496,NULL
1497,NULL
1499,NULL
1501,NULL
1502,NULL
1503,NULL
1504,NULL
1506,NULL
1507,NULL
1509,NULL
1513,NULL
1514,NULL
1515,NULL
1516,NULL
1520,NULL
1522,NULL
1523,NULL
1525,NULL
1527,NULL
1529,NULL
1533,NULL
1534,NULL
1535,NULL
1537,NULL
1539,NULL
1541,NULL
1542,NULL
1543,NULL
1544,NULL
1545,NULL
1546,NULL
1547,NULL
1548,NULL
1549,NULL
1550,NULL
1551,NULL
1552,NULL
1553,NULL
1554,NULL
1555,NULL
1556,NULL
1557,NULL
1558,NULL
1560,NULL
1562,NULL
1563,NULL
1564,NULL
1568,NULL
1569,NULL
1572,NULL
1573,NULL
1574,NULL
1576,NULL
1577,NULL
1578,NULL
1580,NULL
1581,NULL
1582,NULL
1583,NULL
1585,NULL
1586,NULL
1587,NULL
1588,NULL
1590,NULL
1591,NULL
1592,NULL
1594,NULL
1595,NULL
1596,NULL
1597,NULL
1598,NULL
1599,NULL
1601,NULL
1602,NULL
1604,NULL
1605,NULL
1606,NULL
1607,NULL
1608,NULL
1609,NULL
1611,NULL
1612,NULL
1613,NULL
1614,NULL
1615,NULL
1617,NULL
1618,NULL
1619,NULL
1621,NULL
1622,NULL
1623,NULL
1624,NULL
1625,NULL
1627,NULL
1628,NULL
1630,NULL
1631,NULL
1633,NULL
1635,NULL
1638,NULL
1640,NULL
1641,NULL
1642,NULL
1644,NULL
1645,NULL
1646,NULL
1647,NULL
1648,NULL
1649,NULL
1650,NULL
1651,NULL
1653,NULL
1654,NULL
1655,NULL
1656,NULL
1657,NULL
1658,NULL
1659,NULL
1661,NULL
1662,NULL
1664,NULL
1665,NULL
1666,NULL
1667,NULL
1668,NULL
1669,NULL
1670,NULL
1671,NULL
1673,NULL
1674,NULL
1675,NULL
1676,NULL
1677,NULL
1678,NULL
1680,NULL
1681,NULL
1682,NULL
1683,NULL
1684,NULL
1687,NULL
1689,NULL
1691,NULL
1692,NULL
1693,NULL
1694,NULL
1696,NULL
1697,NULL
1698,NULL
1700,NULL
1701,NULL
1702,NULL
1703,NULL
1704,NULL
1706,NULL
1707,NULL
1708,NULL
1709,NULL
1710,NULL
1712,NULL
1714,NULL
1716,NULL
1718,NULL
1719,NULL
1720,NULL
1721,NULL
1722,NULL
1724,NULL
1725,NULL
1727,NULL
1728,NULL
1729,NULL
1731,NULL
1732,NULL
1733,NULL
1734,NULL
1735,NULL
1736,NULL
1737,NULL
1739,NULL
1740,NULL
1744,NULL
1745,NULL
1746,NULL
1747,NULL
1749,NULL
1751,NULL
1752,NULL
1753,NULL
1754,NULL
1755,NULL
1756,NULL
1757,NULL
1758,NULL
1760,NULL
1761,NULL
1762,NULL
1763,NULL
1764,NULL
1766,NULL
1767,NULL
1768,NULL
1770,NULL
1771,NULL
1772,NULL
1774,NULL
1775,NULL
1778,NULL
1779,NULL
1780,NULL
1782,NULL
1783,NULL
1784,NULL
1786,NULL
1787,NULL
1789,NULL
1790,NULL
1792,NULL
1794,NULL
1797,NULL
1798,NULL
1799,NULL
1800,NULL
1801,NULL
1802,NULL
1803,NULL
1804,NULL
1805,NULL
1807,NULL
1809,NULL
1812,NULL
1813,NULL
1814,NULL
1815,NULL
1816,NULL
1818,NULL
1821,NULL
1822,NULL
1823,NULL
1824,NULL
1826,NULL
1827,NULL
1829,NULL
1830,NULL
1833,NULL
1834,NULL
1835,NULL
1836,NULL
1837,NULL
1839,NULL
1842,NULL
1844,NULL
1845,NULL
1847,NULL
1849,NULL
1850,NULL
1852,NULL
1853,NULL
1854,NULL
1856,NULL
1857,NULL
1858,NULL
1859,NULL
1860,NULL
1862,NULL
1863,NULL
1864,NULL
1865,NULL
1866,NULL
2018,NULL
1867,NULL
1868,NULL
1869,NULL
1870,NULL
1871,NULL
1873,NULL
1875,NULL
1876,NULL
1878,NULL
1880,NULL
1881,NULL
1882,NULL
1883,NULL
1885,NULL
1886,NULL
1888,NULL
1890,NULL
1892,NULL
1893,NULL
1898,NULL
1900,NULL
1903,NULL
1905,NULL
1907,NULL
1908,NULL
1909,NULL
1911,NULL
1912,NULL
1915,NULL
1916,NULL
1918,NULL
1922,NULL
1924,NULL
1927,NULL
1928,NULL
1929,NULL
1931,NULL
1932,NULL
1933,NULL
1934,NULL
1935,NULL
1936,NULL
1937,NULL
1938,NULL
1939,NULL
1940,NULL
1941,NULL
1943,NULL
1944,NULL
1945,NULL
1947,NULL
1948,NULL
1949,NULL
1950,NULL
1951,NULL
1952,NULL
1954,NULL
1955,NULL
1956,NULL
1960,NULL
1961,NULL
1962,NULL
1965,NULL
1966,NULL
1967,NULL
1968,NULL
1969,NULL
1970,NULL
1971,NULL
1972,NULL
1973,NULL
1974,NULL
1975,NULL
1976,NULL
1979,NULL
1980,NULL
1981,NULL
1982,NULL
1985,NULL
1986,NULL
1987,NULL
1989,NULL
1992,NULL
1993,NULL
1994,NULL
1995,NULL
1996,NULL
1997,NULL
1998,NULL
1999,NULL
2000,NULL
2003,NULL
2007,NULL
2008,NULL
2009,NULL
2010,NULL
2012,NULL
2013,NULL
2014,NULL
2015,NULL
2016,NULL
2017,NULL
2019,NULL
2020,NULL
2021,NULL
2022,NULL
2023,NULL
2024,NULL
2025,NULL
2026,NULL
2027,NULL
2031,NULL
2032,NULL
2034,NULL
2035,NULL
2036,NULL
2037,NULL
2038,NULL
2040,NULL
2041,NULL
2044,NULL
2045,NULL
2046,NULL
2048,NULL
2049,NULL
2051,NULL
2052,NULL
2053,NULL
2054,NULL
2055,NULL
2056,NULL
2057,NULL
2060,NULL
2061,NULL
2062,NULL
2064,NULL
2065,NULL
2068,NULL
