"employeenumber","department","monthlyincome","dept_rank"
1338,"Human Resources",19717,"1"
1625,"Human Resources",19658,"2"
1973,"Human Resources",19636,"3"
734,"Human Resources",19189,"4"
731,"Human Resources",19141,"5"
140,"Human Resources",18844,"6"
644,"Human Resources",18200,"7"
148,"Human Resources",17328,"8"
1408,"Human Resources",16799,"9"
1550,"Human Resources",16437,"10"
1352,"Human Resources",14026,"11"
698,"Human Resources",10725,"12"
1098,"Human Resources",10482,"13"
590,"Human Resources",9950,"14"
1744,"Human Resources",9756,"15"
2040,"Human Resources",8837,"16"
1419,"Human Resources",7988,"17"
1722,"Human Resources",6430,"18"
424,"Human Resources",6410,"19"
760,"Human Resources",6389,"20"
184,"Human Resources",6347,"21"
1231,"Human Resources",6272,"22"
1563,"Human Resources",6077,"23"
665,"Human Resources",5985,"24"
1642,"Human Resources",5743,"25"
909,"Human Resources",5204,"26"
103,"Human Resources",5021,"27"
869,"Human Resources",4936,"28"
1289,"Human Resources",4490,"29"
1164,"Human Resources",4323,"30"
1794,"Human Resources",4071,"31"
1890,"Human Resources",3886,"32"
847,"Human Resources",3737,"33"
1207,"Human Resources",3600,"34"
1778,"Human Resources",3539,"35"
1314,"Human Resources",3423,"36"
1683,"Human Resources",3195,"37"
1972,"Human Resources",2991,"38"
1842,"Human Resources",2956,"39"
177,"Human Resources",2942,"40"
1944,"Human Resources",2863,"41"
1152,"Human Resources",2844,"42"
1865,"Human Resources",2804,"43"
1467,"Human Resources",2742,"44"
608,"Human Resources",2741,"45"
1858,"Human Resources",2706,"46"
470,"Human Resources",2696,"47"
1805,"Human Resources",2592,"48"
566,"Human Resources",2564,"49"
878,"Human Resources",2342,"50"
1844,"Human Resources",2335,"51"
910,"Human Resources",2277,"52"
321,"Human Resources",2267,"53"
1987,"Human Resources",2187,"54"
1747,"Human Resources",2180,"55"
1049,"Human Resources",2177,"56"
1818,"Human Resources",2148,"57"
1746,"Human Resources",2145,"58"
829,"Human Resources",2143,"59"
1461,"Human Resources",2109,"60"
133,"Human Resources",2073,"61"
1499,"Human Resources",2064,"62"
1714,"Human Resources",1555,"63"
259,"Research & Development",19999,"1"
1035,"Research & Development",19973,"2"
1191,"Research & Development",19943,"3"
226,"Research & Development",19926,"4"
787,"Research & Development",19859,"5"
1255,"Research & Development",19740,"6"
1423,"Research & Development",19701,"7"
1867,"Research & Development",19665,"8"
1069,"Research & Development",19627,"9"
1128,"Research & Development",19626,"10"
1595,"Research & Development",19613,"11"
549,"Research & Development",19566,"12"
58,"Research & Development",19545,"13"
162,"Research & Development",19537,"14"
671,"Research & Development",19513,"15"
638,"Research & Development",19502,"16"
352,"Research & Development",19436,"17"
2022,"Research & Development",19431,"18"
999,"Research & Development",19419,"19"
522,"Research & Development",19406,"20"
1866,"Research & Development",19392,"21"
1789,"Research & Development",19328,"22"
444,"Research & Development",19272,"23"
825,"Research & Development",19246,"24"
1061,"Research & Development",19237,"25"
319,"Research & Development",19232,"26"
336,"Research & Development",19202,"27"
531,"Research & Development",19197,"28"
1288,"Research & Development",19190,"29"
1336,"Research & Development",19187,"30"
1941,"Research & Development",19161,"31"
385,"Research & Development",19144,"32"
32,"Research & Development",19094,"33"
1217,"Research & Development",19081,"34"
1608,"Research & Development",19049,"35"
374,"Research & Development",19045,"36"
1770,"Research & Development",19038,"37"
253,"Research & Development",19033,"38"
2031,"Research & Development",18880,"39"
80,"Research & Development",18740,"40"
254,"Research & Development",18722,"41"
1256,"Research & Development",18711,"42"
396,"Research & Development",18665,"43"
1201,"Research & Development",18606,"44"
809,"Research & Development",18430,"45"
447,"Research & Development",18300,"46"
1263,"Research & Development",18265,"47"
141,"Research & Development",18172,"48"
1306,"Research & Development",18061,"49"
905,"Research & Development",17924,"50"
1334,"Research & Development",17861,"51"
575,"Research & Development",17861,"51"
1215,"Research & Development",17856,"53"
1250,"Research & Development",17779,"54"
1109,"Research & Development",17665,"55"
815,"Research & Development",17639,"56"
1666,"Research & Development",17603,"57"
386,"Research & Development",17584,"58"
1665,"Research & Development",17426,"59"
997,"Research & Development",17399,"60"
1422,"Research & Development",17328,"61"
199,"Research & Development",17181,"62"
1900,"Research & Development",17174,"63"
1443,"Research & Development",17169,"64"
843,"Research & Development",17159,"65"
1307,"Research & Development",17123,"66"
976,"Research & Development",17099,"67"
429,"Research & Development",17068,"68"
569,"Research & Development",17046,"69"
1485,"Research & Development",17007,"70"
1116,"Research & Development",16885,"71"
1317,"Research & Development",16880,"72"
1892,"Research & Development",16823,"73"
264,"Research & Development",16792,"74"
1074,"Research & Development",16756,"75"
820,"Research & Development",16752,"76"
1719,"Research & Development",16704,"77"
505,"Research & Development",16659,"78"
661,"Research & Development",16627,"79"
1472,"Research & Development",16598,"80"
546,"Research & Development",16555,"81"
1430,"Research & Development",16422,"82"
1655,"Research & Development",16413,"83"
1523,"Research & Development",16328,"84"
612,"Research & Development",16184,"85"
1264,"Research & Development",16124,"86"
1520,"Research & Development",16032,"87"
468,"Research & Development",15992,"88"
1837,"Research & Development",15787,"89"
664,"Research & Development",15402,"90"
1677,"Research & Development",15379,"91"
1644,"Research & Development",15202,"92"
730,"Research & Development",14814,"93"
84,"Research & Development",14756,"94"
1424,"Research & Development",14732,"95"
1539,"Research & Development",14411,"96"
520,"Research & Development",14336,"97"
901,"Research & Development",14275,"98"
1005,"Research & Development",13973,"99"
1661,"Research & Development",13966,"100"
431,"Research & Development",13964,"101"
867,"Research & Development",13826,"102"
1468,"Research & Development",13757,"103"
2017,"Research & Development",13744,"104"
258,"Research & Development",13734,"105"
1032,"Research & Development",13726,"106"
337,"Research & Development",13675,"107"
102,"Research & Development",13664,"108"
582,"Research & Development",13610,"109"
380,"Research & Development",13603,"110"
950,"Research & Development",13582,"111"
1278,"Research & Development",13577,"112"
2034,"Research & Development",13570,"113"
126,"Research & Development",13549,"114"
119,"Research & Development",13503,"115"
1166,"Research & Development",13499,"116"
372,"Research & Development",13496,"117"
1800,"Research & Development",13464,"118"
73,"Research & Development",13458,"119"
1373,"Research & Development",13402,"120"
1911,"Research & Development",13348,"121"
1656,"Research & Development",13269,"122"
1401,"Research & Development",13247,"123"
101,"Research & Development",13245,"124"
601,"Research & Development",13237,"125"
2015,"Research & Development",13206,"126"
1242,"Research & Development",13191,"127"
1367,"Research & Development",13142,"128"
1786,"Research & Development",13116,"129"
1775,"Research & Development",12965,"130"
844,"Research & Development",12808,"131"
1026,"Research & Development",12742,"132"
296,"Research & Development",12490,"133"
306,"Research & Development",12185,"134"
1127,"Research & Development",12169,"135"
421,"Research & Development",12061,"136"
381,"Research & Development",11996,"137"
28,"Research & Development",11994,"138"
2000,"Research & Development",11957,"139"
564,"Research & Development",11935,"140"
1321,"Research & Development",11916,"141"
428,"Research & Development",11878,"142"
376,"Research & Development",11849,"143"
742,"Research & Development",11713,"144"
817,"Research & Development",11691,"145"
153,"Research & Development",11631,"146"
461,"Research & Development",11510,"147"
1015,"Research & Development",11416,"148"
1606,"Research & Development",11245,"149"
1516,"Research & Development",11244,"150"
727,"Research & Development",11159,"151"
762,"Research & Development",11103,"152"
1979,"Research & Development",11031,"153"
1024,"Research & Development",10999,"154"
1096,"Research & Development",10976,"155"
499,"Research & Development",10965,"156"
343,"Research & Development",10938,"157"
1397,"Research & Development",10920,"158"
899,"Research & Development",10903,"159"
1697,"Research & Development",10883,"160"
1043,"Research & Development",10880,"161"
1460,"Research & Development",10851,"162"
1007,"Research & Development",10845,"163"
1126,"Research & Development",10820,"164"
1712,"Research & Development",10748,"165"
1013,"Research & Development",10739,"166"
880,"Research & Development",10685,"167"
124,"Research & Development",10673,"168"
179,"Research & Development",10650,"169"
581,"Research & Development",10648,"170"
940,"Research & Development",10552,"171"
624,"Research & Development",10527,"172"
1283,"Research & Development",10512,"173"
1245,"Research & Development",10502,"174"
491,"Research & Development",10496,"175"
1484,"Research & Development",10466,"176"
1118,"Research & Development",10445,"177"
1628,"Research & Development",10435,"178"
1014,"Research & Development",10388,"179"
1827,"Research & Development",10333,"180"
1092,"Research & Development",10322,"181"
165,"Research & Development",10312,"182"
1182,"Research & Development",10274,"183"
1237,"Research & Development",10252,"184"
36,"Research & Development",10248,"185"
845,"Research & Development",10221,"186"
1496,"Research & Development",10209,"187"
1572,"Research & Development",10169,"188"
1547,"Research & Development",10124,"189"
83,"Research & Development",10096,"190"
342,"Research & Development",10048,"191"
1360,"Research & Development",10008,"192"
2062,"Research & Development",9991,"193"
451,"Research & Development",9985,"194"
20,"Research & Development",9980,"195"
1084,"Research & Development",9957,"196"
2057,"Research & Development",9936,"197"
70,"Research & Development",9884,"198"
634,"Research & Development",9824,"199"
587,"Research & Development",9824,"199"
86,"Research & Development",9724,"201"
1544,"Research & Development",9715,"202"
1966,"Research & Development",9679,"203"
1816,"Research & Development",9667,"204"
417,"Research & Development",9613,"205"
256,"Research & Development",9547,"206"
12,"Research & Development",9526,"207"
223,"Research & Development",9439,"208"
689,"Research & Development",9434,"209"
288,"Research & Development",9396,"210"
1465,"Research & Development",9380,"211"
1412,"Research & Development",9362,"212"
442,"Research & Development",8943,"213"
1821,"Research & Development",8926,"214"
1073,"Research & Development",8858,"215"
1590,"Research & Development",8853,"216"
699,"Research & Development",8847,"217"
1088,"Research & Development",8823,"218"
733,"Research & Development",8793,"219"
1082,"Research & Development",8722,"220"
1993,"Research & Development",8633,"221"
717,"Research & Development",8621,"222"
1529,"Research & Development",8606,"223"
1857,"Research & Development",8578,"224"
1344,"Research & Development",8500,"225"
292,"Research & Development",8474,"226"
1525,"Research & Development",8376,"227"
1790,"Research & Development",8321,"228"
464,"Research & Development",8095,"229"
1651,"Research & Development",8008,"230"
1295,"Research & Development",7978,"231"
543,"Research & Development",7969,"232"
1641,"Research & Development",7945,"233"
1363,"Research & Development",7898,"234"
1703,"Research & Development",7879,"235"
743,"Research & Development",7861,"236"
1133,"Research & Development",7779,"237"
1638,"Research & Development",7756,"238"
1103,"Research & Development",7756,"238"
692,"Research & Development",7725,"240"
1121,"Research & Development",7655,"241"
586,"Research & Development",7632,"242"
724,"Research & Development",7625,"243"
1421,"Research & Development",7553,"244"
1971,"Research & Development",7510,"245"
623,"Research & Development",7491,"246"
145,"Research & Development",7484,"247"
1459,"Research & Development",7446,"248"
1553,"Research & Development",7441,"249"
725,"Research & Development",7412,"250"
605,"Research & Development",7406,"251"
944,"Research & Development",7403,"252"
1228,"Research & Development",7379,"253"
112,"Research & Development",7260,"254"
462,"Research & Development",7143,"255"
1099,"Research & Development",7119,"256"
1312,"Research & Development",7094,"257"
1689,"Research & Development",7005,"258"
1847,"Research & Development",6962,"259"
969,"Research & Development",6949,"260"
1728,"Research & Development",6883,"261"
833,"Research & Development",6877,"262"
1814,"Research & Development",6870,"263"
1830,"Research & Development",6854,"264"
1664,"Research & Development",6842,"265"
1251,"Research & Development",6833,"266"
1252,"Research & Development",6812,"267"
764,"Research & Development",6811,"268"
616,"Research & Development",6811,"268"
275,"Research & Development",6804,"270"
1132,"Research & Development",6782,"271"
477,"Research & Development",6781,"272"
482,"Research & Development",6755,"273"
966,"Research & Development",6725,"274"
1383,"Research & Development",6687,"275"
1315,"Research & Development",6674,"276"
282,"Research & Development",6673,"277"
1955,"Research & Development",6667,"278"
1473,"Research & Development",6651,"279"
691,"Research & Development",6646,"280"
1260,"Research & Development",6623,"281"
924,"Research & Development",6586,"282"
170,"Research & Development",6567,"283"
271,"Research & Development",6553,"284"
1514,"Research & Development",6549,"285"
347,"Research & Development",6545,"286"
496,"Research & Development",6540,"287"
1724,"Research & Development",6516,"288"
1822,"Research & Development",6513,"289"
85,"Research & Development",6499,"290"
1196,"Research & Development",6474,"291"
1737,"Research & Development",6472,"292"
40,"Research & Development",6465,"293"
635,"Research & Development",6447,"294"
341,"Research & Development",6434,"295"
384,"Research & Development",6397,"296"
1515,"Research & Development",6388,"297"
1034,"Research & Development",6385,"298"
1859,"Research & Development",6384,"299"
1375,"Research & Development",6377,"300"
460,"Research & Development",6347,"301"
1985,"Research & Development",6323,"302"
679,"Research & Development",6322,"303"
2026,"Research & Development",6306,"304"
1753,"Research & Development",6294,"305"
837,"Research & Development",6288,"306"
273,"Research & Development",6261,"307"
96,"Research & Development",6220,"308"
1389,"Research & Development",6179,"309"
78,"Research & Development",6162,"310"
830,"Research & Development",6162,"310"
1587,"Research & Development",6142,"312"
757,"Research & Development",6142,"312"
2064,"Research & Development",6142,"312"
211,"Research & Development",6132,"315"
548,"Research & Development",6091,"316"
147,"Research & Development",6074,"317"
827,"Research & Development",6062,"318"
466,"Research & Development",6032,"319"
77,"Research & Development",5993,"320"
803,"Research & Development",5980,"321"
474,"Research & Development",5974,"322"
1970,"Research & Development",5968,"323"
339,"Research & Development",5957,"324"
852,"Research & Development",5933,"325"
261,"Research & Development",5916,"326"
76,"Research & Development",5915,"327"
304,"Research & Development",5914,"328"
1888,"Research & Development",5906,"329"
1555,"Research & Development",5878,"330"
961,"Research & Development",5855,"331"
1766,"Research & Development",5811,"332"
1435,"Research & Development",5810,"333"
441,"Research & Development",5775,"334"
1635,"Research & Development",5770,"335"
1611,"Research & Development",5769,"336"
1631,"Research & Development",5768,"337"
1804,"Research & Development",5762,"338"
1932,"Research & Development",5747,"339"
393,"Research & Development",5745,"340"
1161,"Research & Development",5731,"341"
2049,"Research & Development",5689,"342"
663,"Research & Development",5679,"343"
419,"Research & Development",5674,"344"
412,"Research & Development",5661,"345"
422,"Research & Development",5660,"346"
202,"Research & Development",5605,"347"
367,"Research & Development",5582,"348"
630,"Research & Development",5577,"349"
902,"Research & Development",5562,"350"
1727,"Research & Development",5562,"350"
1594,"Research & Development",5562,"350"
1803,"Research & Development",5538,"353"
998,"Research & Development",5488,"354"
799,"Research & Development",5485,"355"
1580,"Research & Development",5484,"356"
408,"Research & Development",5482,"357"
1018,"Research & Development",5472,"358"
1671,"Research & Development",5470,"359"
1392,"Research & Development",5467,"360"
1934,"Research & Development",5467,"360"
1658,"Research & Development",5433,"362"
1377,"Research & Development",5429,"363"
389,"Research & Development",5415,"364"
1998,"Research & Development",5410,"365"
1294,"Research & Development",5410,"365"
1922,"Research & Development",5399,"367"
64,"Research & Development",5381,"368"
1618,"Research & Development",5377,"369"
1954,"Research & Development",5373,"370"
1369,"Research & Development",5363,"371"
1682,"Research & Development",5347,"372"
1807,"Research & Development",5346,"373"
1184,"Research & Development",5343,"374"
107,"Research & Development",5329,"375"
1997,"Research & Development",5321,"376"
772,"Research & Development",5309,"377"
1654,"Research & Development",5295,"378"
1763,"Research & Development",5294,"379"
270,"Research & Development",5265,"380"
487,"Research & Development",5258,"381"
448,"Research & Development",5257,"382"
1736,"Research & Development",5238,"383"
13,"Research & Development",5237,"384"
894,"Research & Development",5231,"385"
823,"Research & Development",5228,"386"
425,"Research & Development",5210,"387"
1621,"Research & Development",5208,"388"
1549,"Research & Development",5207,"389"
1653,"Research & Development",5206,"390"
865,"Research & Development",5175,"391"
139,"Research & Development",5163,"392"
1936,"Research & Development",5151,"393"
2025,"Research & Development",5131,"394"
2,"Research & Development",5130,"395"
104,"Research & Development",5126,"396"
775,"Research & Development",5121,"397"
2008,"Research & Development",5098,"398"
832,"Research & Development",5094,"399"
771,"Research & Development",5093,"400"
574,"Research & Development",5070,"401"
987,"Research & Development",5067,"402"
1597,"Research & Development",5063,"403"
1150,"Research & Development",5056,"404"
439,"Research & Development",5055,"405"
1633,"Research & Development",5042,"406"
1903,"Research & Development",5033,"407"
1025,"Research & Development",5003,"408"
1956,"Research & Development",5003,"408"
1235,"Research & Development",4998,"410"
1745,"Research & Development",4968,"411"
161,"Research & Development",4963,"412"
178,"Research & Development",4941,"413"
433,"Research & Development",4941,"413"
1704,"Research & Development",4930,"415"
1483,"Research & Development",4900,"416"
350,"Research & Development",4898,"417"
1309,"Research & Development",4883,"418"
2009,"Research & Development",4878,"419"
1622,"Research & Development",4877,"420"
1599,"Research & Development",4876,"421"
287,"Research & Development",4876,"421"
450,"Research & Development",4869,"423"
1573,"Research & Development",4855,"424"
1542,"Research & Development",4841,"425"
1052,"Research & Development",4834,"426"
423,"Research & Development",4821,"427"
550,"Research & Development",4810,"428"
138,"Research & Development",4809,"429"
1509,"Research & Development",4789,"430"
1886,"Research & Development",4788,"431"
2027,"Research & Development",4787,"432"
1033,"Research & Development",4777,"433"
872,"Research & Development",4775,"434"
1870,"Research & Development",4774,"435"
1940,"Research & Development",4771,"436"
1158,"Research & Development",4766,"437"
920,"Research & Development",4765,"438"
390,"Research & Development",4741,"439"
171,"Research & Development",4739,"440"
1668,"Research & Development",4735,"441"
1615,"Research & Development",4724,"442"
1586,"Research & Development",4723,"443"
957,"Research & Development",4721,"444"
1298,"Research & Development",4695,"445"
715,"Research & Development",4680,"446"
949,"Research & Development",4678,"447"
1614,"Research & Development",4663,"448"
1346,"Research & Development",4661,"449"
1311,"Research & Development",4627,"450"
1094,"Research & Development",4621,"451"
1981,"Research & Development",4617,"452"
1080,"Research & Development",4615,"453"
536,"Research & Development",4558,"454"
547,"Research & Development",4556,"455"
721,"Research & Development",4553,"456"
1225,"Research & Development",4541,"457"
1322,"Research & Development",4534,"458"
551,"Research & Development",4523,"459"
526,"Research & Development",4522,"460"
1101,"Research & Development",4508,"461"
151,"Research & Development",4505,"462"
397,"Research & Development",4485,"463"
1195,"Research & Development",4477,"464"
250,"Research & Development",4450,"465"
529,"Research & Development",4449,"466"
1829,"Research & Development",4448,"467"
972,"Research & Development",4447,"468"
1285,"Research & Development",4444,"469"
1980,"Research & Development",4440,"470"
836,"Research & Development",4434,"471"
269,"Research & Development",4425,"472"
98,"Research & Development",4424,"473"
1180,"Research & Development",4422,"474"
1177,"Research & Development",4420,"475"
2068,"Research & Development",4404,"476"
1707,"Research & Development",4401,"477"
828,"Research & Development",4382,"478"
804,"Research & Development",4381,"479"
1009,"Research & Development",4377,"480"
1662,"Research & Development",4374,"481"
792,"Research & Development",4364,"482"
308,"Research & Development",4345,"483"
793,"Research & Development",4335,"484"
1976,"Research & Development",4332,"485"
110,"Research & Development",4325,"486"
1545,"Research & Development",4320,"487"
208,"Research & Development",4319,"488"
193,"Research & Development",4317,"489"
524,"Research & Development",4306,"490"
274,"Research & Development",4298,"491"
1543,"Research & Development",4285,"492"
1885,"Research & Development",4284,"493"
1420,"Research & Development",4284,"493"
1148,"Research & Development",4272,"495"
611,"Research & Development",4262,"496"
791,"Research & Development",4258,"497"
241,"Research & Development",4257,"498"
1350,"Research & Development",4249,"499"
807,"Research & Development",4244,"500"
1022,"Research & Development",4240,"501"
577,"Research & Development",4230,"502"
1027,"Research & Development",4227,"503"
1809,"Research & Development",4213,"504"
190,"Research & Development",4200,"505"
1881,"Research & Development",4197,"506"
518,"Research & Development",4197,"506"
15,"Research & Development",4193,"508"
926,"Research & Development",4171,"509"
117,"Research & Development",4152,"510"
1011,"Research & Development",4148,"511"
1630,"Research & Development",4148,"511"
2014,"Research & Development",4108,"513"
1062,"Research & Development",4107,"514"
659,"Research & Development",4089,"515"
1574,"Research & Development",4087,"516"
1537,"Research & Development",4084,"517"
1402,"Research & Development",4081,"518"
1552,"Research & Development",4069,"519"
1619,"Research & Development",4066,"520"
1501,"Research & Development",4035,"521"
1140,"Research & Development",4033,"522"
538,"Research & Development",4031,"523"
1046,"Research & Development",4025,"524"
2053,"Research & Development",4025,"524"
75,"Research & Development",4014,"526"
942,"Research & Development",4014,"526"
26,"Research & Development",4011,"528"
57,"Research & Development",4011,"528"
369,"Research & Development",4000,"530"
1684,"Research & Development",3989,"531"
1696,"Research & Development",3986,"532"
455,"Research & Development",3983,"533"
1916,"Research & Development",3978,"534"
1992,"Research & Development",3977,"535"
1449,"Research & Development",3975,"536"
1860,"Research & Development",3968,"537"
1083,"Research & Development",3955,"538"
24,"Research & Development",3944,"539"
1640,"Research & Development",3936,"540"
246,"Research & Development",3929,"541"
340,"Research & Development",3920,"542"
33,"Research & Development",3919,"543"
1028,"Research & Development",3917,"544"
1725,"Research & Development",3907,"545"
1407,"Research & Development",3904,"546"
1310,"Research & Development",3904,"546"
1871,"Research & Development",3902,"548"
593,"Research & Development",3894,"549"
1296,"Research & Development",3867,"550"
1502,"Research & Development",3838,"551"
806,"Research & Development",3833,"552"
497,"Research & Development",3816,"553"
277,"Research & Development",3815,"554"
1852,"Research & Development",3812,"555"
2054,"Research & Development",3785,"556"
578,"Research & Development",3780,"557"
861,"Research & Development",3761,"558"
1646,"Research & Development",3760,"559"
1249,"Research & Development",3760,"559"
602,"Research & Development",3755,"561"
1989,"Research & Development",3748,"562"
1010,"Research & Development",3743,"563"
331,"Research & Development",3730,"564"
1464,"Research & Development",3722,"565"
744,"Research & Development",3708,"566"
1782,"Research & Development",3702,"567"
452,"Research & Development",3697,"568"
1257,"Research & Development",3692,"569"
1106,"Research & Development",3691,"570"
249,"Research & Development",3690,"571"
407,"Research & Development",3688,"572"
652,"Research & Development",3681,"573"
1480,"Research & Development",3673,"574"
1358,"Research & Development",3669,"575"
1097,"Research & Development",3660,"576"
1458,"Research & Development",3646,"577"
1002,"Research & Development",3633,"578"
1411,"Research & Development",3629,"579"
649,"Research & Development",3622,"580"
964,"Research & Development",3617,"581"
1173,"Research & Development",3597,"582"
1834,"Research & Development",3591,"583"
887,"Research & Development",3580,"584"
1241,"Research & Development",3579,"585"
1417,"Research & Development",3578,"586"
267,"Research & Development",3564,"587"
1340,"Research & Development",3544,"588"
1694,"Research & Development",3537,"589"
1647,"Research & Development",3517,"590"
1291,"Research & Development",3506,"591"
784,"Research & Development",3505,"592"
1440,"Research & Development",3500,"593"
1224,"Research & Development",3491,"594"
364,"Research & Development",3485,"595"
355,"Research & Development",3479,"596"
1721,"Research & Development",3477,"597"
7,"Research & Development",3468,"598"
440,"Research & Development",3464,"599"
192,"Research & Development",3452,"600"
995,"Research & Development",3452,"600"
486,"Research & Development",3452,"600"
521,"Research & Development",3448,"603"
1751,"Research & Development",3445,"604"
65,"Research & Development",3441,"605"
1720,"Research & Development",3433,"606"
854,"Research & Development",3424,"607"
1475,"Research & Development",3420,"608"
1438,"Research & Development",3420,"608"
51,"Research & Development",3419,"610"
584,"Research & Development",3408,"611"
1596,"Research & Development",3407,"612"
90,"Research & Development",3388,"613"
1802,"Research & Development",3377,"614"
1085,"Research & Development",3376,"615"
2007,"Research & Development",3375,"616"
702,"Research & Development",3348,"617"
214,"Research & Development",3346,"618"
1299,"Research & Development",3339,"619"
335,"Research & Development",3319,"620"
1607,"Research & Development",3312,"621"
395,"Research & Development",3310,"622"
1687,"Research & Development",3306,"623"
21,"Research & Development",3298,"624"
1735,"Research & Development",3295,"625"
1447,"Research & Development",3294,"626"
1143,"Research & Development",3291,"627"
797,"Research & Development",3280,"628"
379,"Research & Development",3230,"629"
1415,"Research & Development",3229,"630"
716,"Research & Development",3221,"631"
316,"Research & Development",3212,"632"
1617,"Research & Development",3211,"633"
373,"Research & Development",3210,"634"
197,"Research & Development",3204,"635"
1136,"Research & Development",3201,"636"
1216,"Research & Development",3196,"637"
1513,"Research & Development",3180,"638"
1494,"Research & Development",3172,"639"
888,"Research & Development",3162,"640"
1471,"Research & Development",3162,"640"
392,"Research & Development",3161,"642"
813,"Research & Development",3149,"643"
1798,"Research & Development",3143,"644"
1192,"Research & Development",3131,"645"
1623,"Research & Development",3117,"646"
510,"Research & Development",3102,"647"
334,"Research & Development",3072,"648"
239,"Research & Development",3072,"648"
1627,"Research & Development",3069,"650"
8,"Research & Development",3068,"651"
1948,"Research & Development",3065,"652"
233,"Research & Development",3058,"653"
773,"Research & Development",3057,"654"
1771,"Research & Development",3055,"655"
231,"Research & Development",3038,"656"
97,"Research & Development",3038,"656"
515,"Research & Development",3034,"658"
1198,"Research & Development",3033,"659"
61,"Research & Development",3022,"660"
1431,"Research & Development",2996,"661"
1394,"Research & Development",2996,"661"
1269,"Research & Development",2994,"663"
1115,"Research & Development",2979,"664"
2052,"Research & Development",2977,"665"
1709,"Research & Development",2974,"666"
960,"Research & Development",2973,"667"
1577,"Research & Development",2972,"668"
31,"Research & Development",2960,"669"
134,"Research & Development",2956,"670"
1409,"Research & Development",2950,"671"
1071,"Research & Development",2942,"672"
1200,"Research & Development",2936,"673"
1854,"Research & Development",2936,"673"
22,"Research & Development",2935,"675"
1893,"Research & Development",2933,"676"
1755,"Research & Development",2932,"677"
1701,"Research & Development",2929,"678"
137,"Research & Development",2926,"679"
16,"Research & Development",2911,"680"
338,"Research & Development",2911,"680"
5,"Research & Development",2909,"682"
465,"Research & Development",2904,"683"
1969,"Research & Development",2897,"684"
143,"Research & Development",2889,"685"
560,"Research & Development",2886,"686"
647,"Research & Development",2886,"686"
1275,"Research & Development",2875,"688"
144,"Research & Development",2871,"689"
1952,"Research & Development",2867,"690"
1729,"Research & Development",2862,"691"
105,"Research & Development",2859,"692"
1203,"Research & Development",2853,"693"
1297,"Research & Development",2838,"694"
2010,"Research & Development",2837,"695"
657,"Research & Development",2836,"696"
155,"Research & Development",2835,"697"
1060,"Research & Development",2821,"698"
705,"Research & Development",2819,"699"
874,"Research & Development",2818,"700"
1605,"Research & Development",2814,"701"
1001,"Research & Development",2811,"702"
1949,"Research & Development",2810,"703"
2048,"Research & Development",2809,"704"
939,"Research & Development",2799,"705"
911,"Research & Development",2795,"706"
359,"Research & Development",2794,"707"
802,"Research & Development",2782,"708"
1999,"Research & Development",2782,"708"
1238,"Research & Development",2781,"710"
927,"Research & Development",2778,"711"
150,"Research & Development",2774,"712"
675,"Research & Development",2773,"713"
579,"Research & Development",2768,"714"
1768,"Research & Development",2766,"715"
752,"Research & Development",2759,"716"
252,"Research & Development",2756,"717"
1042,"Research & Development",2743,"718"
1234,"Research & Development",2743,"718"
1221,"Research & Development",2741,"720"
281,"Research & Development",2741,"720"
639,"Research & Development",2725,"722"
353,"Research & Development",2723,"723"
198,"Research & Development",2720,"724"
710,"Research & Development",2720,"724"
1764,"Research & Development",2718,"726"
221,"Research & Development",2713,"727"
328,"Research & Development",2707,"728"
1826,"Research & Development",2705,"729"
1154,"Research & Development",2703,"730"
94,"Research & Development",2703,"730"
824,"Research & Development",2700,"732"
426,"Research & Development",2695,"733"
812,"Research & Development",2694,"734"
11,"Research & Development",2693,"735"
923,"Research & Development",2693,"735"
683,"Research & Development",2691,"737"
1601,"Research & Development",2690,"738"
780,"Research & Development",2686,"739"
1006,"Research & Development",2684,"740"
10,"Research & Development",2670,"741"
1873,"Research & Development",2662,"742"
18,"Research & Development",2661,"743"
2003,"Research & Development",2660,"744"
686,"Research & Development",2659,"745"
493,"Research & Development",2657,"746"
297,"Research & Development",2657,"746"
544,"Research & Development",2654,"748"
1982,"Research & Development",2647,"749"
46,"Research & Development",2645,"750"
194,"Research & Development",2632,"751"
1279,"Research & Development",2625,"752"
305,"Research & Development",2622,"753"
662,"Research & Development",2619,"754"
159,"Research & Development",2613,"755"
1160,"Research & Development",2610,"756"
1382,"Research & Development",2610,"756"
1016,"Research & Development",2600,"758"
1111,"Research & Development",2596,"759"
351,"Research & Development",2593,"760"
1907,"Research & Development",2587,"761"
1674,"Research & Development",2587,"761"
1265,"Research & Development",2585,"763"
1648,"Research & Development",2580,"764"
517,"Research & Development",2576,"765"
2061,"Research & Development",2571,"766"
1693,"Research & Development",2570,"767"
224,"Research & Development",2566,"768"
571,"Research & Development",2564,"769"
1504,"Research & Development",2561,"770"
913,"Research & Development",2559,"771"
1258,"Research & Development",2559,"771"
856,"Research & Development",2559,"771"
838,"Research & Development",2553,"774"
1193,"Research & Development",2552,"775"
565,"Research & Development",2546,"776"
1918,"Research & Development",2544,"777"
501,"Research & Development",2543,"778"
1162,"Research & Development",2539,"779"
912,"Research & Development",2532,"780"
169,"Research & Development",2523,"781"
958,"Research & Development",2519,"782"
1259,"Research & Development",2517,"783"
1175,"Research & Development",2515,"784"
875,"Research & Development",2515,"784"
1120,"Research & Development",2514,"786"
826,"Research & Development",2506,"787"
95,"Research & Development",2501,"788"
242,"Research & Development",2500,"789"
758,"Research & Development",2500,"789"
39,"Research & Development",2496,"791"
977,"Research & Development",2479,"792"
434,"Research & Development",2478,"793"
1878,"Research & Development",2472,"794"
1760,"Research & Development",2468,"795"
1081,"Research & Development",2461,"796"
430,"Research & Development",2455,"797"
1558,"Research & Development",2451,"798"
227,"Research & Development",2451,"798"
1019,"Research & Development",2451,"798"
1564,"Research & Development",2450,"801"
769,"Research & Development",2450,"801"
1675,"Research & Development",2440,"803"
1868,"Research & Development",2439,"804"
2038,"Research & Development",2439,"804"
1813,"Research & Development",2438,"806"
1767,"Research & Development",2437,"807"
2020,"Research & Development",2436,"808"
325,"Research & Development",2436,"808"
1939,"Research & Development",2432,"810"
14,"Research & Development",2426,"811"
1017,"Research & Development",2422,"812"
1604,"Research & Development",2408,"813"
79,"Research & Development",2406,"814"
2012,"Research & Development",2406,"814"
932,"Research & Development",2404,"816"
994,"Research & Development",2404,"816"
1783,"Research & Development",2398,"818"
1405,"Research & Development",2394,"819"
315,"Research & Development",2389,"820"
1361,"Research & Development",2387,"821"
918,"Research & Development",2380,"822"
1030,"Research & Development",2380,"822"
1850,"Research & Development",2379,"824"
930,"Research & Development",2377,"825"
1107,"Research & Development",2377,"825"
1185,"Research & Development",2376,"827"
394,"Research & Development",2373,"828"
1292,"Research & Development",2372,"829"
1308,"Research & Development",2372,"829"
471,"Research & Development",2370,"831"
164,"Research & Development",2368,"832"
1960,"Research & Development",2367,"833"
1576,"Research & Development",2367,"833"
848,"Research & Development",2366,"835"
1522,"Research & Development",2362,"836"
1333,"Research & Development",2362,"836"
895,"Research & Development",2356,"838"
206,"Research & Development",2348,"839"
1474,"Research & Development",2345,"840"
1792,"Research & Development",2342,"841"
763,"Research & Development",2342,"841"
54,"Research & Development",2341,"843"
346,"Research & Development",2340,"844"
622,"Research & Development",2340,"844"
2032,"Research & Development",2339,"846"
951,"Research & Development",2332,"847"
284,"Research & Development",2328,"848"
403,"Research & Development",2326,"849"
217,"Research & Development",2323,"850"
991,"Research & Development",2321,"851"
816,"Research & Development",2319,"852"
933,"Research & Development",2318,"853"
882,"Research & Development",2314,"854"
1108,"Research & Development",2313,"855"
247,"Research & Development",2311,"856"
1905,"Research & Development",2307,"857"
1718,"Research & Development",2305,"858"
1551,"Research & Development",2296,"859"
45,"Research & Development",2293,"860"
55,"Research & Development",2293,"860"
1206,"Research & Development",2290,"862"
1772,"Research & Development",2289,"863"
245,"Research & Development",2288,"864"
514,"Research & Development",2285,"865"
260,"Research & Development",2279,"866"
834,"Research & Development",2274,"867"
1533,"Research & Development",2272,"868"
996,"Research & Development",2270,"869"
63,"Research & Development",2269,"870"
945,"Research & Development",2259,"871"
525,"Research & Development",2258,"872"
1172,"Research & Development",2258,"872"
511,"Research & Development",2244,"874"
200,"Research & Development",2238,"875"
1244,"Research & Development",2235,"876"
332,"Research & Development",2232,"877"
1931,"Research & Development",2226,"878"
530,"Research & Development",2218,"879"
741,"Research & Development",2216,"880"
483,"Research & Development",2213,"881"
1219,"Research & Development",2210,"882"
1102,"Research & Development",2207,"883"
41,"Research & Development",2206,"884"
495,"Research & Development",2201,"885"
88,"Research & Development",2194,"886"
655,"Research & Development",2187,"887"
309,"Research & Development",2177,"888"
362,"Research & Development",2176,"889"
1202,"Research & Development",2168,"890"
1649,"Research & Development",2166,"891"
1286,"Research & Development",2154,"892"
286,"Research & Development",2153,"893"
1947,"Research & Development",2144,"894"
1609,"Research & Development",2141,"895"
1937,"Research & Development",2133,"896"
1546,"Research & Development",2132,"897"
1004,"Research & Development",2132,"897"
643,"Research & Development",2127,"899"
1448,"Research & Development",2127,"899"
454,"Research & Development",2119,"901"
391,"Research & Development",2115,"902"
1762,"Research & Development",2109,"903"
1210,"Research & Development",2107,"904"
1856,"Research & Development",2105,"905"
1434,"Research & Development",2099,"906"
562,"Research & Development",2097,"907"
1303,"Research & Development",2096,"908"
591,"Research & Development",2093,"909"
4,"Research & Development",2090,"910"
262,"Research & Development",2089,"911"
238,"Research & Development",2088,"912"
680,"Research & Development",2083,"913"
1301,"Research & Development",2080,"914"
116,"Research & Development",2075,"915"
1569,"Research & Development",2074,"916"
1592,"Research & Development",2073,"917"
377,"Research & Development",2070,"918"
1131,"Research & Development",2070,"918"
1441,"Research & Development",2066,"920"
1883,"Research & Development",2062,"921"
1581,"Research & Development",2061,"922"
300,"Research & Development",2058,"923"
700,"Research & Development",2045,"924"
1799,"Research & Development",2044,"925"
1053,"Research & Development",2042,"926"
132,"Research & Development",2042,"926"
1374,"Research & Development",2029,"928"
1698,"Research & Development",2028,"929"
19,"Research & Development",2028,"929"
218,"Research & Development",2024,"931"
881,"Research & Development",2022,"932"
1534,"Research & Development",2018,"933"
1659,"Research & Development",2013,"934"
1246,"Research & Development",2011,"935"
1994,"Research & Development",2008,"936"
934,"Research & Development",2008,"936"
1068,"Research & Development",2007,"938"
2051,"Research & Development",2001,"939"
53,"Research & Development",1951,"940"
1156,"Research & Development",1904,"941"
1248,"Research & Development",1859,"942"
850,"Research & Development",1706,"943"
556,"Research & Development",1702,"944"
1368,"Research & Development",1611,"945"
811,"Research & Development",1601,"946"
1506,"Research & Development",1563,"947"
1839,"Research & Development",1514,"948"
201,"Research & Development",1483,"949"
405,"Research & Development",1420,"950"
1079,"Research & Development",1416,"951"
1692,"Research & Development",1393,"952"
704,"Research & Development",1281,"953"
1482,"Research & Development",1274,"954"
1433,"Research & Development",1261,"955"
30,"Research & Development",1232,"956"
1270,"Research & Development",1223,"957"
1974,"Research & Development",1129,"958"
243,"Research & Development",1102,"959"
1012,"Research & Development",1051,"960"
701,"Research & Development",1009,"961"
1282,"Sales",19847,"1"
1038,"Sales",19845,"2"
1740,"Sales",19833,"3"
1578,"Sales",19586,"4"
323,"Sales",19517,"5"
1591,"Sales",19331,"6"
329,"Sales",19068,"7"
38,"Sales",18947,"8"
1277,"Sales",18824,"9"
1280,"Sales",18789,"10"
1029,"Sales",18303,"11"
1267,"Sales",18213,"12"
558,"Sales",18041,"13"
1938,"Sales",17875,"14"
1045,"Sales",17650,"15"
1602,"Sales",17567,"16"
1124,"Sales",17465,"17"
992,"Sales",17444,"18"
1204,"Sales",17048,"19"
158,"Sales",16959,"20"
363,"Sales",16872,"21"
776,"Sales",16856,"22"
597,"Sales",16835,"23"
1527,"Sales",16606,"24"
625,"Sales",16595,"25"
851,"Sales",16307,"26"
1824,"Sales",16291,"27"
327,"Sales",16064,"28"
410,"Sales",16015,"29"
1676,"Sales",15972,"30"
23,"Sales",15427,"31"
981,"Sales",14852,"32"
568,"Sales",14118,"33"
131,"Sales",13872,"34"
746,"Sales",13770,"35"
1167,"Sales",13758,"36"
1372,"Sales",13695,"37"
298,"Sales",13591,"38"
404,"Sales",13525,"39"
1975,"Sales",13341,"40"
1039,"Sales",13320,"41"
1863,"Sales",13225,"42"
532,"Sales",13212,"43"
986,"Sales",13194,"44"
1138,"Sales",13120,"45"
1716,"Sales",12936,"46"
473,"Sales",12504,"47"
2056,"Sales",12031,"48"
1048,"Sales",11904,"49"
897,"Sales",11836,"50"
613,"Sales",11557,"51"
862,"Sales",10934,"52"
615,"Sales",10932,"53"
215,"Sales",10855,"54"
2055,"Sales",10854,"55"
1076,"Sales",10798,"56"
1453,"Sales",10793,"57"
864,"Sales",10761,"58"
1070,"Sales",10686,"59"
970,"Sales",10609,"60"
307,"Sales",10609,"60"
1391,"Sales",10596,"62"
729,"Sales",10475,"63"
244,"Sales",10453,"64"
1968,"Sales",10448,"65"
1815,"Sales",10447,"66"
2016,"Sales",10422,"67"
291,"Sales",10400,"68"
1243,"Sales",10377,"69"
1732,"Sales",10368,"70"
967,"Sales",10325,"71"
1639,"Sales",10306,"72"
573,"Sales",10266,"73"
106,"Sales",10239,"74"
1293,"Sales",10231,"75"
1457,"Sales",10096,"76"
1395,"Sales",9998,"77"
293,"Sales",9981,"78"
592,"Sales",9980,"79"
1582,"Sales",9924,"80"
1862,"Sales",9907,"81"
1950,"Sales",9888,"82"
1933,"Sales",9854,"83"
1324,"Sales",9852,"84"
154,"Sales",9738,"85"
1047,"Sales",9725,"86"
1562,"Sales",9714,"87"
1882,"Sales",9713,"88"
954,"Sales",9705,"89"
481,"Sales",9699,"90"
1833,"Sales",9637,"91"
118,"Sales",9619,"92"
1739,"Sales",9610,"93"
656,"Sales",9602,"94"
1100,"Sales",9582,"95"
1700,"Sales",9525,"96"
228,"Sales",9419,"97"
488,"Sales",9355,"98"
1425,"Sales",9278,"99"
1568,"Sales",9250,"100"
1708,"Sales",9241,"101"
174,"Sales",9208,"102"
1446,"Sales",9204,"103"
1318,"Sales",9094,"104"
580,"Sales",9071,"105"
74,"Sales",9069,"106"
207,"Sales",8998,"107"
1218,"Sales",8966,"108"
2037,"Sales",8938,"109"
302,"Sales",8865,"110"
626,"Sales",8834,"111"
314,"Sales",8789,"112"
1119,"Sales",8740,"113"
56,"Sales",8726,"114"
230,"Sales",8686,"115"
183,"Sales",8639,"116"
1951,"Sales",8628,"117"
1497,"Sales",8620,"118"
1758,"Sales",8564,"119"
1469,"Sales",8463,"120"
1319,"Sales",8446,"121"
567,"Sales",8412,"122"
1066,"Sales",8396,"123"
534,"Sales",8392,"124"
682,"Sales",8381,"125"
1268,"Sales",8380,"126"
1749,"Sales",8346,"127"
463,"Sales",8268,"128"
1588,"Sales",8237,"129"
1157,"Sales",8224,"130"
176,"Sales",8189,"131"
1761,"Sales",8161,"132"
712,"Sales",8120,"133"
1915,"Sales",8103,"134"
406,"Sales",8020,"135"
1801,"Sales",7991,"136"
312,"Sales",7918,"137"
985,"Sales",7880,"138"
1706,"Sales",7847,"139"
984,"Sales",7823,"140"
840,"Sales",7654,"141"
2024,"Sales",7644,"142"
904,"Sales",7642,"143"
283,"Sales",7639,"144"
81,"Sales",7637,"145"
513,"Sales",7596,"146"
789,"Sales",7587,"147"
438,"Sales",7547,"148"
1050,"Sales",7525,"149"
453,"Sales",7457,"150"
152,"Sales",7428,"151"
1125,"Sales",7351,"152"
1165,"Sales",7336,"153"
1869,"Sales",7314,"154"
204,"Sales",7295,"155"
982,"Sales",7264,"156"
1754,"Sales",7140,"157"
677,"Sales",7104,"158"
1535,"Sales",7083,"159"
1678,"Sales",7082,"160"
947,"Sales",6932,"161"
349,"Sales",6931,"162"
416,"Sales",6929,"163"
1355,"Sales",6893,"164"
1036,"Sales",6861,"165"
1239,"Sales",6852,"166"
1927,"Sales",6834,"167"
35,"Sales",6825,"168"
1585,"Sales",6815,"169"
754,"Sales",6804,"170"
1823,"Sales",6799,"171"
723,"Sales",6796,"172"
1734,"Sales",6735,"173"
2044,"Sales",6728,"174"
2035,"Sales",6712,"175"
299,"Sales",6696,"176"
1105,"Sales",6694,"177"
479,"Sales",6653,"178"
2045,"Sales",6652,"179"
366,"Sales",6644,"180"
783,"Sales",6632,"181"
1912,"Sales",6583,"182"
604,"Sales",6582,"183"
1179,"Sales",6578,"184"
533,"Sales",6577,"185"
523,"Sales",6538,"186"
889,"Sales",6524,"187"
378,"Sales",6502,"188"
1898,"Sales",6500,"189"
808,"Sales",6500,"189"
1557,"Sales",6439,"191"
785,"Sales",6397,"192"
1560,"Sales",6392,"193"
492,"Sales",6380,"194"
449,"Sales",6349,"195"
1040,"Sales",6347,"196"
868,"Sales",6334,"197"
786,"Sales",6274,"198"
641,"Sales",6272,"199"
936,"Sales",6244,"200"
1399,"Sales",6232,"201"
599,"Sales",6230,"202"
458,"Sales",6214,"203"
1304,"Sales",6209,"204"
857,"Sales",6201,"205"
781,"Sales",6180,"206"
163,"Sales",6172,"207"
1329,"Sales",6151,"208"
160,"Sales",6146,"209"
1733,"Sales",6134,"210"
1356,"Sales",6125,"211"
1390,"Sales",6120,"212"
456,"Sales",6118,"213"
1779,"Sales",6029,"214"
1,"Sales",5993,"215"
303,"Sales",5940,"216"
182,"Sales",5902,"217"
1650,"Sales",5869,"218"
401,"Sales",5828,"219"
1797,"Sales",5813,"220"
62,"Sales",5772,"221"
1403,"Sales",5769,"222"
1487,"Sales",5765,"223"
142,"Sales",5744,"224"
1929,"Sales",5736,"225"
516,"Sales",5715,"226"
1163,"Sales",5714,"227"
1986,"Sales",5677,"228"
1849,"Sales",5675,"229"
1880,"Sales",5673,"230"
983,"Sales",5666,"231"
1436,"Sales",5647,"232"
1967,"Sales",5617,"233"
382,"Sales",5605,"234"
1117,"Sales",5593,"235"
1945,"Sales",5561,"236"
690,"Sales",5561,"236"
1908,"Sales",5507,"238"
1670,"Sales",5505,"239"
1924,"Sales",5487,"240"
1466,"Sales",5486,"241"
420,"Sales",5484,"242"
1673,"Sales",5476,"243"
91,"Sales",5473,"244"
1548,"Sales",5473,"244"
1784,"Sales",5468,"246"
653,"Sales",5460,"247"
68,"Sales",5454,"248"
120,"Sales",5441,"249"
1645,"Sales",5440,"250"
2036,"Sales",5406,"251"
1835,"Sales",5405,"252"
732,"Sales",5405,"252"
722,"Sales",5396,"254"
2065,"Sales",5390,"255"
1935,"Sales",5380,"256"
52,"Sales",5376,"257"
1681,"Sales",5368,"258"
1188,"Sales",5346,"259"
2041,"Sales",5343,"260"
621,"Sales",5337,"261"
1613,"Sales",5332,"262"
796,"Sales",5326,"263"
819,"Sales",5324,"264"
747,"Sales",5304,"265"
502,"Sales",5304,"265"
1479,"Sales",5301,"267"
476,"Sales",5296,"268"
498,"Sales",5253,"269"
361,"Sales",5249,"270"
445,"Sales",5238,"271"
436,"Sales",5228,"272"
1233,"Sales",5220,"273"
121,"Sales",5209,"274"
1962,"Sales",5204,"275"
1254,"Sales",5171,"276"
842,"Sales",5160,"277"
1171,"Sales",5155,"278"
1845,"Sales",5154,"279"
1756,"Sales",5147,"280"
1943,"Sales",5087,"281"
990,"Sales",5079,"282"
1371,"Sales",5071,"283"
125,"Sales",5010,"284"
240,"Sales",5006,"285"
128,"Sales",4999,"286"
1731,"Sales",4978,"287"
1037,"Sales",4969,"288"
1137,"Sales",4968,"289"
728,"Sales",4960,"290"
1240,"Sales",4950,"291"
500,"Sales",4936,"292"
916,"Sales",4908,"293"
2018,"Sales",4907,"294"
387,"Sales",4907,"294"
1507,"Sales",4898,"296"
620,"Sales",4859,"297"
707,"Sales",4851,"298"
2046,"Sales",4850,"299"
606,"Sales",4805,"300"
1428,"Sales",4779,"301"
846,"Sales",4779,"301"
1481,"Sales",4768,"303"
1478,"Sales",4759,"304"
475,"Sales",4736,"305"
1113,"Sales",4728,"306"
1387,"Sales",4724,"307"
600,"Sales",4717,"308"
631,"Sales",4707,"309"
1836,"Sales",4684,"310"
446,"Sales",4682,"311"
195,"Sales",4668,"312"
469,"Sales",4649,"313"
1853,"Sales",4648,"314"
714,"Sales",4647,"315"
1362,"Sales",4639,"316"
1598,"Sales",4639,"316"
1380,"Sales",4614,"318"
975,"Sales",4601,"319"
1489,"Sales",4599,"320"
1503,"Sales",4591,"321"
1667,"Sales",4581,"322"
720,"Sales",4577,"323"
60,"Sales",4568,"324"
175,"Sales",4559,"325"
388,"Sales",4554,"326"
1220,"Sales",4539,"327"
1281,"Sales",4538,"328"
903,"Sales",4537,"329"
1757,"Sales",4507,"330"
1710,"Sales",4502,"331"
527,"Sales",4487,"332"
437,"Sales",4478,"333"
333,"Sales",4465,"334"
1995,"Sales",4440,"335"
859,"Sales",4403,"336"
1439,"Sales",4400,"337"
1909,"Sales",4393,"338"
1612,"Sales",4385,"339"
1477,"Sales",4373,"340"
800,"Sales",4342,"341"
1212,"Sales",4327,"342"
100,"Sales",4312,"343"
618,"Sales",4306,"344"
1114,"Sales",4302,"345"
956,"Sales",4294,"346"
684,"Sales",4286,"347"
507,"Sales",4260,"348"
885,"Sales",4256,"349"
650,"Sales",4233,"350"
129,"Sales",4221,"351"
1583,"Sales",4198,"352"
879,"Sales",4194,"353"
1787,"Sales",4189,"354"
1669,"Sales",4187,"355"
1003,"Sales",4163,"356"
1445,"Sales",4162,"357"
72,"Sales",4157,"358"
1812,"Sales",4127,"359"
1211,"Sales",4115,"360"
1965,"Sales",4105,"361"
1349,"Sales",4103,"362"
1396,"Sales",4078,"363"
595,"Sales",4051,"364"
855,"Sales",4037,"365"
709,"Sales",4028,"366"
1774,"Sales",4001,"367"
330,"Sales",3931,"368"
738,"Sales",3875,"369"
1864,"Sales",3540,"370"
2019,"Sales",3482,"371"
669,"Sales",3447,"372"
27,"Sales",3407,"373"
925,"Sales",3294,"374"
554,"Sales",3202,"375"
248,"Sales",3140,"376"
1996,"Sales",3067,"377"
667,"Sales",3041,"378"
585,"Sales",2983,"379"
467,"Sales",2976,"380"
900,"Sales",2973,"381"
2060,"Sales",2966,"382"
1486,"Sales",2909,"383"
893,"Sales",2899,"384"
1961,"Sales",2858,"385"
1875,"Sales",2856,"386"
485,"Sales",2851,"387"
1190,"Sales",2827,"388"
896,"Sales",2800,"389"
311,"Sales",2793,"390"
1135,"Sales",2791,"391"
399,"Sales",2789,"392"
1379,"Sales",2785,"393"
1657,"Sales",2783,"394"
1752,"Sales",2760,"395"
1680,"Sales",2728,"396"
494,"Sales",2716,"397"
47,"Sales",2683,"398"
1780,"Sales",2679,"399"
1226,"Sales",2678,"400"
1691,"Sales",2655,"401"
1556,"Sales",2644,"402"
749,"Sales",2642,"403"
484,"Sales",2610,"404"
666,"Sales",2579,"405"
805,"Sales",2572,"406"
1364,"Sales",2534,"407"
508,"Sales",2476,"408"
1554,"Sales",2430,"409"
952,"Sales",2413,"410"
1492,"Sales",2404,"411"
632,"Sales",2400,"412"
2021,"Sales",2380,"413"
555,"Sales",2351,"414"
1044,"Sales",2342,"415"
941,"Sales",2329,"416"
235,"Sales",2325,"417"
1077,"Sales",2323,"418"
113,"Sales",2322,"419"
1541,"Sales",2308,"420"
205,"Sales",2306,"421"
1331,"Sales",2302,"422"
766,"Sales",2297,"423"
1702,"Sales",2275,"424"
2013,"Sales",2269,"425"
216,"Sales",2231,"426"
1055,"Sales",2220,"427"
478,"Sales",2174,"428"
974,"Sales",2157,"429"
959,"Sales",2121,"430"
645,"Sales",2096,"431"
42,"Sales",2086,"432"
922,"Sales",2044,"433"
1495,"Sales",2033,"434"
648,"Sales",2033,"434"
49,"Sales",2014,"436"
614,"Sales",1878,"437"
2023,"Sales",1790,"438"
167,"Sales",1675,"439"
1624,"Sales",1569,"440"
1427,"Sales",1359,"441"
411,"Sales",1200,"442"
1273,"Sales",1118,"443"
1928,"Sales",1091,"444"
1876,"Sales",1081,"445"
1056,"Sales",1052,"446"
